{
    "train_losses": [
        4.472680473327637,
        4.394893455505371,
        4.299071661631266,
        4.194184652964274,
        4.087073135375976,
        3.9717013359069826,
        3.8551687399546304,
        3.7308057943979898,
        3.6071249802907306,
        3.4797868410746258,
        3.357827647527059,
        3.2461888631184896,
        3.147454102834066,
        3.0630971749623614,
        2.9956343173980713,
        2.9448274612426757,
        2.9089810530344646,
        2.8889415582021076,
        2.8777557849884032,
        2.8736117362976072
    ],
    "train_accuracies": [
        0.017857142857142856,
        0.5485633727175081,
        0.5539339419978517,
        0.5539742212674543,
        0.5539742212674543,
        0.5539742212674543,
        0.5539742212674543,
        0.5539742212674543,
        0.5539742212674543,
        0.5539742212674543,
        0.5539742212674543,
        0.5540279269602578,
        0.5540413533834586,
        0.5540279269602578,
        0.5540279269602578,
        0.5540279269602578,
        0.5540279269602578,
        0.5540413533834586,
        0.5540413533834586,
        0.5540413533834586
    ],
    "validation_losses": [
        4.435952305793762,
        4.343043923377991,
        4.238954305648804,
        4.131494879722595,
        4.018445312976837,
        3.9004470109939575,
        3.7769943475723267,
        3.6502618193626404,
        3.5210588574409485,
        3.3953115940093994,
        3.2751604318618774,
        3.1671093702316284,
        3.073487341403961,
        2.99738609790802,
        2.938809335231781,
        2.8970216512680054,
        2.869830369949341,
        2.854297935962677,
        2.8473087549209595,
        2.845557451248169
    ],
    "validation_accuracies": [
        53.809012875536474,
        55.772532188841204,
        55.84763948497854,
        55.84763948497854,
        55.84763948497854,
        55.84763948497854,
        55.84763948497854,
        55.84763948497854,
        55.84763948497854,
        55.84763948497854,
        55.8530042918455,
        55.8530042918455,
        55.8530042918455,
        55.8530042918455,
        55.8530042918455,
        55.8530042918455,
        55.8530042918455,
        55.8530042918455,
        55.8530042918455,
        55.8530042918455
    ],
    "test_losses": [
        4.440769220653333,
        4.354525691584537,
        4.257965941178171,
        4.158321481002004,
        4.0535906992460555,
        3.9443565920779577,
        3.8301724634672465,
        3.713033312245419,
        3.593703445635344,
        3.4776183931451095,
        3.36675184651425,
        3.2670743465423584,
        3.1807296150609066,
        3.110549249147114,
        3.056533775831524,
        3.017999661596198,
        2.9929233475735315,
        2.9785989209225305,
        2.972154240859182,
        2.970538904792384
    ],
    "test_accuracies": [
        50.413445017182134,
        52.46241408934708,
        52.50322164948453,
        52.50429553264605,
        52.50429553264605,
        52.50429553264605,
        52.50429553264605,
        52.50429553264605,
        52.50429553264605,
        52.50429553264605,
        52.50536941580756,
        52.50429553264605,
        52.50429553264605,
        52.50429553264605,
        52.50429553264605,
        52.50322164948453,
        52.50322164948453,
        52.50214776632303,
        52.50214776632303,
        52.50214776632303
    ]
}