{
    "train_losses": [
        4.485975805918375
    ],
    "train_accuracies": [
        0.00021482277121374866
    ],
    "validation_losses": [
        4.458411931991577
    ],
    "validation_accuracies": [
        0.04291845493562232
    ],
    "test_losses": [
        4.464307433680484
    ],
    "test_accuracies": [
        0.03865979381443299
    ]
}