{
    "train_losses": [
        4.485975805918375,
        4.429637591044108,
        4.358477656046549,
        4.285023180643718,
        4.209802150726318,
        4.137669150034586,
        4.064759254455566,
        3.993318192164103,
        3.922282075881958,
        3.8537357171376545,
        3.7922533988952636,
        3.732887125015259,
        3.6820433934529624,
        3.6397536277770994,
        3.6053452491760254,
        3.5756773312886554,
        3.558791907628377,
        3.5454194863637287,
        3.540612824757894,
        3.5372265179951987
    ],
    "train_accuracies": [
        0.00021482277121374866,
        0.2827604726100967,
        0.5511949516648765,
        0.5512218045112782,
        0.5512218045112782,
        0.5512218045112782,
        0.5512218045112782,
        0.5512218045112782,
        0.5512218045112782,
        0.5512218045112782,
        0.5512218045112782,
        0.5512218045112782,
        0.5512218045112782,
        0.5512218045112782,
        0.5512218045112782,
        0.5512218045112782,
        0.5512218045112782,
        0.5512218045112782,
        0.5512218045112782,
        0.5512218045112782
    ],
    "validation_losses": [
        4.458411931991577,
        4.387793660163879,
        4.311524748802185,
        4.234289050102234,
        4.157285690307617,
        4.080443501472473,
        4.0048410296440125,
        3.930962324142456,
        3.859505355358124,
        3.791716456413269,
        3.7284465432167053,
        3.6719112396240234,
        3.6227014660835266,
        3.5817638635635376,
        3.549582362174988,
        3.526081681251526,
        3.510345458984375,
        3.5012449622154236,
        3.497136414051056,
        3.4960949420928955
    ],
    "validation_accuracies": [
        0.04291845493562232,
        56.93133047210301,
        56.94742489270386,
        56.94742489270386,
        56.94742489270386,
        56.94742489270386,
        56.94742489270386,
        56.94742489270386,
        56.94742489270386,
        56.94742489270386,
        56.94742489270386,
        56.94742489270386,
        56.94742489270386,
        56.94742489270386,
        56.94742489270386,
        56.94742489270386,
        56.94742489270386,
        56.94742489270386,
        56.94742489270386,
        56.94742489270386
    ],
    "test_losses": [
        4.464307433680484,
        4.399715072230289,
        4.329974224692897,
        4.259398109034488,
        4.18906821702656,
        4.118963141190378,
        4.050043055885716,
        3.982752887826217,
        3.917722375769364,
        3.856077947114643,
        3.7985976997174715,
        3.7472627915834127,
        3.702609476290251,
        3.6654793337771765,
        3.6363033997385124,
        3.615000737340827,
        3.600741662477192,
        3.592495190469842,
        3.588772924322831,
        3.587829113006592
    ],
    "test_accuracies": [
        0.03865979381443299,
        52.483891752577314,
        52.50429553264605,
        52.50429553264605,
        52.50429553264605,
        52.50429553264605,
        52.50429553264605,
        52.50429553264605,
        52.50429553264605,
        52.50429553264605,
        52.50429553264605,
        52.50429553264605,
        52.50429553264605,
        52.50429553264605,
        52.50429553264605,
        52.50429553264605,
        52.50429553264605,
        52.50429553264605,
        52.50429553264605,
        52.50429553264605
    ]
}