{
    "train_losses": [
        4.452818202972412,
        4.39176836013794,
        4.313688214619955,
        4.232367324829101,
        4.151310157775879,
        4.069680563608805,
        3.9865745544433593,
        3.903908634185791,
        3.824930254618327,
        3.749283520380656,
        3.672610330581665,
        3.6081493695576987,
        3.5448681513468423,
        3.4970147291819256,
        3.4529128710428876,
        3.423478857676188,
        3.398808972040812,
        3.386231056849162,
        3.3771016438802084,
        3.374640115102132
    ],
    "train_accuracies": [
        0.2556793770139635,
        0.5564312567132116,
        0.5564312567132116,
        0.5564312567132116,
        0.5564312567132116,
        0.5564312567132116,
        0.5564312567132116,
        0.5564312567132116,
        0.5564312567132116,
        0.5564312567132116,
        0.5564312567132116,
        0.5564312567132116,
        0.5564312567132116,
        0.5564312567132116,
        0.5564312567132116,
        0.5564312567132116,
        0.5564312567132116,
        0.5564312567132116,
        0.5564312567132116,
        0.5564312567132116
    ],
    "validation_losses": [
        5.225418376922607,
        5.151292133331299,
        5.071644115447998,
        4.990391182899475,
        4.9087955236434935,
        4.826910841464996,
        4.74526332616806,
        4.664687144756317,
        4.585739541053772,
        4.510378229618072,
        4.440627980232239,
        4.377214896678924,
        4.322129893302917,
        4.276239740848541,
        4.240406620502472,
        4.214035499095917,
        4.196505773067474,
        4.18637501001358,
        4.181777167320251,
        4.180618810653686
    ],
    "validation_accuracies": [
        46.84978540772533,
        46.86587982832618,
        46.86587982832618,
        46.86587982832618,
        46.86587982832618,
        46.86587982832618,
        46.86587982832618,
        46.86587982832618,
        46.86587982832618,
        46.86587982832618,
        46.86587982832618,
        46.86587982832618,
        46.86587982832618,
        46.86587982832618,
        46.86587982832618,
        46.86587982832618,
        46.86587982832618,
        46.86587982832618,
        46.86587982832618,
        46.86587982832618
    ],
    "test_losses": [
        5.232187933670847,
        5.161903391386333,
        5.086392462880988,
        5.00939460553621,
        4.932110068672581,
        4.854599536092658,
        4.777358403958773,
        4.7011794391431305,
        4.626588618127923,
        4.555422328647814,
        4.489587630723652,
        4.429761005702772,
        4.37781265911303,
        4.334550164875231,
        4.300776278345208,
        4.27592430365713,
        4.259406827625475,
        4.249861601779336,
        4.245530251452798,
        4.24443857042413
    ],
    "test_accuracies": [
        44.49892611683848,
        44.50429553264605,
        44.50429553264605,
        44.50429553264605,
        44.50429553264605,
        44.50429553264605,
        44.50429553264605,
        44.50429553264605,
        44.50429553264605,
        44.50429553264605,
        44.50429553264605,
        44.50429553264605,
        44.50429553264605,
        44.50429553264605,
        44.50429553264605,
        44.50429553264605,
        44.50429553264605,
        44.50429553264605,
        44.50429553264605,
        44.50429553264605
    ]
}