{
    "train_losses": [
        4.452818202972412
    ],
    "train_accuracies": [
        0.2556793770139635
    ],
    "validation_losses": [
        5.225418376922607
    ],
    "validation_accuracies": [
        46.84978540772533
    ],
    "test_losses": [
        5.232187933670847
    ],
    "test_accuracies": [
        44.49892611683848
    ]
}