{
    "train_losses": [
        4.520965735117595,
        4.407418409983317,
        4.26214599609375,
        4.105794175465902,
        3.9337228298187257,
        3.7446295102437337,
        3.5408203760782877,
        3.3154664039611816,
        3.0899176915486652,
        2.8780219078063967,
        2.70292223294576,
        2.5579483191172283,
        2.461442724863688,
        2.3950016339619955,
        2.3521415551503497,
        2.3313181241353353,
        2.3091327985127768,
        2.29756555557251,
        2.2876246611277264,
        2.292130963007609
    ],
    "train_accuracies": [
        0.007706766917293233,
        0.2898093447905478,
        0.5524704618689581,
        0.5537996777658432,
        0.5539339419978517,
        0.5540279269602578,
        0.5542561761546724,
        0.5544978517722878,
        0.5547529538131042,
        0.5551960257787325,
        0.5556122448979591,
        0.5559613319011816,
        0.5561224489795918,
        0.556203007518797,
        0.556296992481203,
        0.5563775510204082,
        0.5564044038668099,
        0.5564849624060151,
        0.5564849624060151,
        0.5564983888292159
    ],
    "validation_losses": [
        4.469346642494202,
        4.330255389213562,
        4.175784349441528,
        4.008115172386169,
        3.8247124552726746,
        3.622395694255829,
        3.400395929813385,
        3.1709868907928467,
        2.9449875354766846,
        2.7434290051460266,
        2.5820367336273193,
        2.464944362640381,
        2.3850274682044983,
        2.3328737616539,
        2.2995604872703552,
        2.278589606285095,
        2.26626193523407,
        2.2595712542533875,
        2.256690502166748,
        2.2559693455696106
    ],
    "validation_accuracies": [
        0.9334763948497854,
        55.58476394849785,
        55.81545064377682,
        55.84763948497854,
        55.8530042918455,
        55.8637339055794,
        55.89592274678111,
        55.92274678111588,
        55.944206008583684,
        55.97103004291846,
        55.98712446351931,
        56.01931330472103,
        56.01931330472103,
        56.024678111587974,
        56.03540772532188,
        56.05150214592275,
        56.0568669527897,
        56.0568669527897,
        56.0568669527897,
        56.0568669527897
    ],
    "test_losses": [
        4.4694616920069645,
        4.340422630310059,
        4.197134268911261,
        4.041669042486894,
        3.8717236518859863,
        3.6843846471686112,
        3.4789856107611405,
        3.266865429125334,
        3.058047733808819,
        2.8719326947864734,
        2.723015396218551,
        2.6150631779118587,
        2.5414614551945736,
        2.4934819748527124,
        2.462864612278185,
        2.443607129548725,
        2.4322896505656995,
        2.4261510372161865,
        2.4235077908164575,
        2.422846743935033
    ],
    "test_accuracies": [
        1.018041237113402,
        52.31958762886598,
        52.47637457044674,
        52.50322164948453,
        52.50429553264605,
        52.51181271477663,
        52.54725085910653,
        52.56550687285223,
        52.59772336769759,
        52.61920103092783,
        52.64390034364261,
        52.657860824742265,
        52.66537800687286,
        52.671821305841924,
        52.672895189003434,
        52.67719072164948,
        52.6965206185567,
        52.6965206185567,
        52.695446735395194,
        52.695446735395194
    ]
}