{
    "train_losses": [
        4.482061322530111
    ],
    "train_accuracies": [
        0.00945220193340494
    ],
    "validation_losses": [
        4.449293255805969
    ],
    "validation_accuracies": [
        1.1105150214592274
    ],
    "test_losses": [
        4.453071142497816
    ],
    "test_accuracies": [
        1.1050257731958764
    ]
}