{
    "train_losses": [
        4.482061322530111,
        4.414049847920736,
        4.327885023752848,
        4.239783255259196,
        4.148878955841065,
        4.058970260620117,
        3.967441177368164,
        3.87557635307312,
        3.783472776412964,
        3.6926400820414225,
        3.6105095386505126,
        3.528904326756795,
        3.4614675045013428,
        3.3983515898386636,
        3.348339064915975,
        3.3106589953104657,
        3.284086306889852,
        3.267779509226481,
        3.259363126754761,
        3.2563136418660483
    ],
    "train_accuracies": [
        0.00945220193340494,
        0.3648361976369495,
        0.5512218045112782,
        0.5512218045112782,
        0.5512218045112782,
        0.5512218045112782,
        0.5512218045112782,
        0.5512218045112782,
        0.5512218045112782,
        0.5512218045112782,
        0.5512218045112782,
        0.5512218045112782,
        0.5512218045112782,
        0.5512218045112782,
        0.5512218045112782,
        0.5512218045112782,
        0.5512218045112782,
        0.5512218045112782,
        0.5512218045112782,
        0.5512218045112782
    ],
    "validation_losses": [
        4.449293255805969,
        4.363171339035034,
        4.271649122238159,
        4.17842698097229,
        4.084947466850281,
        3.9900877475738525,
        3.8943264484405518,
        3.798081934452057,
        3.703394889831543,
        3.6121529936790466,
        3.5253742933273315,
        3.4465471506118774,
        3.377657115459442,
        3.320593774318695,
        3.2757596373558044,
        3.24283504486084,
        3.220811903476715,
        3.208151340484619,
        3.202414572238922,
        3.2009690403938293
    ],
    "validation_accuracies": [
        1.1105150214592274,
        56.94742489270386,
        56.94742489270386,
        56.94742489270386,
        56.94742489270386,
        56.94742489270386,
        56.94742489270386,
        56.94742489270386,
        56.94742489270386,
        56.94742489270386,
        56.94742489270386,
        56.94742489270386,
        56.94742489270386,
        56.94742489270386,
        56.94742489270386,
        56.94742489270386,
        56.94742489270386,
        56.94742489270386,
        56.94742489270386,
        56.94742489270386
    ],
    "test_losses": [
        4.453071142497816,
        4.374563568516781,
        4.29113275126407,
        4.206210236800344,
        4.121103111066316,
        4.034821020929437,
        3.947804425892077,
        3.860438296669408,
        3.7745689718346846,
        3.6918999897806266,
        3.6133629146375155,
        3.542081305855199,
        3.479833803678814,
        3.428305826689068,
        3.387841299960488,
        3.3581416983353463,
        3.3382834384315894,
        3.3268689858286002,
        3.321697862524735,
        3.3203947920548287
    ],
    "test_accuracies": [
        1.1050257731958764,
        52.50429553264605,
        52.50429553264605,
        52.50429553264605,
        52.50429553264605,
        52.50429553264605,
        52.50429553264605,
        52.50429553264605,
        52.50429553264605,
        52.50429553264605,
        52.50429553264605,
        52.50429553264605,
        52.50429553264605,
        52.50429553264605,
        52.50429553264605,
        52.50429553264605,
        52.50429553264605,
        52.50429553264605,
        52.50429553264605,
        52.50429553264605
    ]
}