{
    "train_losses": [
        4.496672630310059
    ],
    "train_accuracies": [
        0.002940386680988185
    ],
    "validation_losses": [
        5.260894227027893
    ],
    "validation_accuracies": [
        -7.6834763948497855
    ],
    "test_losses": [
        5.261527824401855
    ],
    "test_accuracies": [
        -7.689647766323024
    ]
}