{
    "train_losses": [
        4.496672630310059,
        4.417015997568766,
        4.316970380147298,
        4.212386226654052,
        4.10452028910319,
        3.995538282394409,
        3.882330624262492,
        3.7668954849243166,
        3.651478481292725,
        3.529525899887085,
        3.4188319047292075,
        3.3144173622131348,
        3.221449104944865,
        3.140032339096069,
        3.0754823684692383,
        3.0255773226420084,
        2.9975768089294434,
        2.976294819513957,
        2.967099936803182,
        2.956097459793091
    ],
    "train_accuracies": [
        0.002940386680988185,
        0.405343716433942,
        0.5564312567132116,
        0.5564312567132116,
        0.5564312567132116,
        0.5564312567132116,
        0.5564312567132116,
        0.5564312567132116,
        0.5564312567132116,
        0.5564312567132116,
        0.5564312567132116,
        0.5564312567132116,
        0.5564312567132116,
        0.5564312567132116,
        0.5564312567132116,
        0.5564312567132116,
        0.5564312567132116,
        0.5564312567132116,
        0.5564312567132116,
        0.5564312567132116
    ],
    "validation_losses": [
        5.260894227027893,
        5.165731000900268,
        5.062762188911438,
        4.957587051391601,
        4.850165891647339,
        4.738823401927948,
        4.624197709560394,
        4.507636535167694,
        4.390317189693451,
        4.276053357124328,
        4.1672207593917845,
        4.068552482128143,
        3.982489454746246,
        3.911724495887756,
        3.8566929578781126,
        3.817185032367706,
        3.7909047484397886,
        3.775952923297882,
        3.7692360162734984,
        3.767544615268707
    ],
    "validation_accuracies": [
        -7.6834763948497855,
        46.86587982832618,
        46.86587982832618,
        46.86587982832618,
        46.86587982832618,
        46.86587982832618,
        46.86587982832618,
        46.86587982832618,
        46.86587982832618,
        46.86587982832618,
        46.86587982832618,
        46.86587982832618,
        46.86587982832618,
        46.86587982832618,
        46.86587982832618,
        46.86587982832618,
        46.86587982832618,
        46.86587982832618,
        46.86587982832618,
        46.86587982832618
    ],
    "test_losses": [
        5.261527824401855,
        5.171639879126298,
        5.074401062413266,
        4.97510798102931,
        4.8737382487246865,
        4.768739459389135,
        4.660709353497154,
        4.550918287979929,
        4.440470718082628,
        4.332950464047884,
        4.230580314837004,
        4.13779754136738,
        4.056888929166292,
        3.9903726050728245,
        3.93865233722486,
        3.901522182163439,
        3.876825919904207,
        3.8627754487489403,
        3.8564636180275365,
        3.8548738178453945
    ],
    "test_accuracies": [
        -7.689647766323024,
        44.50429553264605,
        44.50429553264605,
        44.50429553264605,
        44.50429553264605,
        44.50429553264605,
        44.50429553264605,
        44.50429553264605,
        44.50429553264605,
        44.50429553264605,
        44.50429553264605,
        44.50429553264605,
        44.50429553264605,
        44.50429553264605,
        44.50429553264605,
        44.50429553264605,
        44.50429553264605,
        44.50429553264605,
        44.50429553264605,
        44.50429553264605
    ]
}