{
    "train_losses": [
        4.298613135019938
    ],
    "train_accuracies": [
        0.4061627282491944
    ],
    "validation_losses": [
        4.717156219482422
    ],
    "validation_accuracies": [
        46.86587982832618
    ],
    "test_losses": [
        4.747520394074289
    ],
    "test_accuracies": [
        44.50429553264605
    ]
}