{
    "train_losses": [
        4.298613135019938,
        3.3015440464019776,
        2.2943110624949137,
        2.1655701875686644,
        2.061705787976583,
        2.010852257410685,
        1.9657721916834514,
        1.928389310836792,
        1.8905191500981648,
        1.8688153584798177,
        1.8439666748046875,
        1.8224724451700847,
        1.8029356479644776,
        1.7914820909500122,
        1.7868179082870483,
        1.7727891286214192,
        1.7750845352808635,
        1.7642464637756348,
        1.7645526965459188,
        1.7603829622268676
    ],
    "train_accuracies": [
        0.4061627282491944,
        0.5564312567132116,
        0.5564312567132116,
        0.5564312567132116,
        0.5564312567132116,
        0.5564178302900108,
        0.5564983888292159,
        0.5575725026852847,
        0.5588614393125672,
        0.5615735767991407,
        0.5654269602577873,
        0.5700187969924813,
        0.575187969924812,
        0.578920515574651,
        0.5820085929108485,
        0.5841031149301826,
        0.5854860365198711,
        0.5865064446831364,
        0.5871509129967777,
        0.587312030075188
    ],
    "validation_losses": [
        4.717156219482422,
        3.268375563621521,
        3.0823168039321898,
        2.9072452664375303,
        2.848251152038574,
        2.79777016043663,
        2.758566218614578,
        2.724919933080673,
        2.6958163559436796,
        2.6701488375663756,
        2.6478129506111143,
        2.6287937641143797,
        2.6129669427871702,
        2.60045747756958,
        2.591020542383194,
        2.5843195796012877,
        2.579977798461914,
        2.5774738669395445,
        2.5763558030128477,
        2.5760755717754362
    ],
    "validation_accuracies": [
        46.86587982832618,
        46.86587982832618,
        46.86587982832618,
        46.86587982832618,
        46.86587982832618,
        46.86587982832618,
        46.91952789699571,
        47.03755364806867,
        47.25214592274678,
        47.64377682403433,
        48.0568669527897,
        48.668454935622314,
        49.172746781115876,
        49.54828326180258,
        49.80042918454935,
        49.97210300429184,
        50.08476394849785,
        50.1598712446352,
        50.19206008583691,
        50.202789699570815
    ],
    "test_losses": [
        4.747520394074289,
        3.3926387686478465,
        3.260411649001272,
        3.0384930535366665,
        2.967102443544488,
        2.9113902204915094,
        2.866405515921743,
        2.8279663801193236,
        2.794753906601354,
        2.7653636468084235,
        2.7396319012892874,
        2.717736762448361,
        2.6994425974394147,
        2.6851000321538825,
        2.6742323925620632,
        2.666581584277906,
        2.661652455831829,
        2.6587972427669326,
        2.6575288308294196,
        2.6572107678965518
    ],
    "test_accuracies": [
        44.50429553264605,
        44.50429553264605,
        44.50429553264605,
        44.50322164948453,
        44.50322164948453,
        44.50107388316151,
        44.56872852233677,
        44.711554982817866,
        44.95425257731958,
        45.27104810996563,
        45.643685567010316,
        48.579682130584196,
        49.29274054982818,
        49.64712199312715,
        50.05949312714777,
        50.257087628865975,
        50.38058419243987,
        50.43857388316152,
        50.46542096219931,
        50.474012027491405
    ]
}