{
    "train_losses": [
        4.2794748942057295
    ],
    "train_accuracies": [
        0.32183136412459723
    ],
    "validation_losses": [
        3.73855984210968
    ],
    "validation_accuracies": [
        56.94742489270386
    ],
    "test_losses": [
        3.8085972384402624
    ],
    "test_accuracies": [
        52.50429553264605
    ]
}