{
    "train_losses": [
        4.288602701822916,
        3.149625285466512,
        2.115640091896057,
        2.0573420604070027,
        1.9939116477966308,
        1.967432403564453,
        1.935100793838501,
        1.9138599475224813,
        1.8903834740320842,
        1.8749734004338583,
        1.8469619035720826,
        1.8367163022359212,
        1.8132450501124064,
        1.8044625759124755,
        1.7923259814580281,
        1.7835280497868855,
        1.7830153067906698,
        1.770824877421061,
        1.7742712100346882,
        1.776833216349284
    ],
    "train_accuracies": [
        0.3681122448979592,
        0.5539742212674543,
        0.554001074113856,
        0.5541084854994629,
        0.5555719656283566,
        0.5600563909774436,
        0.5630907626208378,
        0.5672261009667025,
        0.5713882921589688,
        0.5762620837808807,
        0.5810955961331902,
        0.5846267454350161,
        0.5887486573576799,
        0.5919038668098818,
        0.5946831364124597,
        0.5966031149301826,
        0.5975966702470462,
        0.5987916219119227,
        0.5993555316863588,
        0.5994897959183674
    ],
    "validation_losses": [
        3.855832040309906,
        2.212398052215576,
        2.0552861094474792,
        1.9784223437309265,
        1.9363042712211609,
        1.9099998474121094,
        1.8855937123298645,
        1.862356573343277,
        1.8403951823711395,
        1.8197552859783173,
        1.8006625175476074,
        1.7839252948760986,
        1.7696608006954193,
        1.7580925822257996,
        1.7492020726203918,
        1.7428400814533234,
        1.7386451661586761,
        1.7362419068813324,
        1.7351692616939545,
        1.734897255897522
    ],
    "validation_accuracies": [
        55.84763948497854,
        55.84763948497854,
        55.84763948497854,
        55.912017167381975,
        56.201716738197426,
        56.52360515021459,
        56.888412017167376,
        57.28540772532189,
        57.74141630901287,
        58.283261802575105,
        58.60515021459227,
        58.86266094420601,
        59.19527896995708,
        59.49034334763949,
        59.76931330472103,
        59.87660944206008,
        60.042918454935624,
        60.10729613733906,
        60.15021459227468,
        60.14484978540773
    ],
    "test_losses": [
        3.9015528779280815,
        2.3807113798041093,
        2.233677951913131,
        2.154182710145649,
        2.1099086874409725,
        2.0807027879514193,
        2.0527976500360587,
        2.025847924383063,
        2.0002133156123914,
        1.9759466083426225,
        1.953365451411197,
        1.9334631970054226,
        1.916466424339696,
        1.902626683837489,
        1.8919639524660612,
        1.8843225868124711,
        1.8792877134523893,
        1.8763915551336188,
        1.8751049731907092,
        1.8747776746749878
    ],
    "test_accuracies": [
        52.50429553264605,
        52.50536941580756,
        52.50429553264605,
        52.57731958762887,
        55.486469072164944,
        56.10180412371134,
        56.65914948453609,
        57.06400343642611,
        57.576245704467354,
        58.114261168384886,
        58.55670103092784,
        59.014175257731964,
        59.35781786941581,
        59.61447594501719,
        59.827104810996566,
        59.993556701030926,
        60.10631443298969,
        60.1514175257732,
        60.173969072164944,
        60.17933848797251
    ]
}