{
    "train_losses": [
        4.2794748942057295,
        2.9355901877085366,
        2.191101344426473,
        2.093654179573059,
        2.015976087252299,
        1.9797979672749837,
        1.942777363459269,
        1.9124645074208577,
        1.8838684797286986,
        1.8623269001642864,
        1.8318594455718995,
        1.8165785948435464,
        1.7999296506245932,
        1.783775774637858,
        1.7746711015701293,
        1.7675926446914674,
        1.7548755725224814,
        1.754647167523702,
        1.7536815087000528,
        1.7516741514205934
    ],
    "train_accuracies": [
        0.32183136412459723,
        0.5512218045112782,
        0.5512218045112782,
        0.551235230934479,
        0.5513963480128894,
        0.5523093447905478,
        0.5560687432867883,
        0.563265306122449,
        0.5707438238453276,
        0.5765574650912997,
        0.5818474758324382,
        0.5863721804511278,
        0.5915682062298604,
        0.5936627282491944,
        0.5953276047261009,
        0.5967776584317938,
        0.5986170784103115,
        0.5993689581095596,
        0.599812030075188,
        0.5999194414607948
    ],
    "validation_losses": [
        3.73855984210968,
        2.0759954750537872,
        2.0432236194610596,
        1.9345639944076538,
        1.899405062198639,
        1.8661267161369324,
        1.8363336026668549,
        1.809139996767044,
        1.7839327156543732,
        1.7606675922870636,
        1.7396964728832245,
        1.7214786410331726,
        1.7063671052455902,
        1.6943036019802094,
        1.6852394938468933,
        1.678791582584381,
        1.674575686454773,
        1.672202467918396,
        1.6711443662643433,
        1.6708753407001495
    ],
    "validation_accuracies": [
        56.94742489270386,
        56.94742489270386,
        56.94742489270386,
        56.94742489270386,
        57.022532188841204,
        57.242489270386265,
        57.816523605150216,
        58.487124463519315,
        59.13090128755365,
        59.603004291845494,
        60.101931330472105,
        60.48819742489271,
        60.81008583690986,
        61.05150214592274,
        61.217811158798284,
        61.29291845493562,
        61.37339055793991,
        61.38948497854078,
        61.40021459227468,
        61.41094420600859
    ],
    "test_losses": [
        3.8085972384402624,
        2.342561822188528,
        2.347147326720388,
        2.1698028225647774,
        2.112503321547257,
        2.069599176708021,
        2.0310759795339486,
        1.9945674068049382,
        1.9605439587643272,
        1.929134450460735,
        1.9010724456686723,
        1.8768160343170166,
        1.856967762896889,
        1.841279243168078,
        1.829633311221474,
        1.8214446431712101,
        1.816125098027681,
        1.8131405366094488,
        1.8118164664820622,
        1.8114805221557617
    ],
    "test_accuracies": [
        52.50429553264605,
        52.50429553264605,
        52.50429553264605,
        52.50536941580756,
        52.545103092783506,
        52.737328178694156,
        53.347293814432994,
        54.10652920962199,
        54.72723367697595,
        55.27384020618557,
        55.80648625429553,
        56.33054123711341,
        56.735395189003434,
        56.99742268041237,
        57.13810137457045,
        57.25300687285223,
        59.15914948453608,
        59.35459621993127,
        59.48024054982818,
        59.487757731958766
    ]
}