{
    "train_losses": [
        4.457614803314209,
        4.448688634236654,
        4.437691752115885,
        4.426558558146159,
        4.4161785761515295,
        4.405489031473795,
        4.395776589711507,
        4.3866416931152346,
        4.378560288747152,
        4.371393871307373,
        4.364836597442627,
        4.359200223286947,
        4.354676914215088,
        4.350553671518962,
        4.34795036315918,
        4.345488357543945,
        4.344076538085938,
        4.3438338915507,
        4.343086496988932,
        4.342939503987631
    ],
    "train_accuracies": [
        0.0006310418904403867,
        0.05624328678839957,
        0.5366944146079484,
        0.5456498388829216,
        0.5474892588614393,
        0.5496509129967777,
        0.5509264232008593,
        0.5520273899033298,
        0.5531820622986037,
        0.5535042964554243,
        0.5536788399570355,
        0.5537325456498389,
        0.5537593984962406,
        0.5537862513426424,
        0.5538265306122448,
        0.5538936627282492,
        0.5539205155746509,
        0.5539205155746509,
        0.5539205155746509,
        0.5539205155746509
    ],
    "validation_losses": [
        4.452914357185364,
        4.442191958427429,
        4.430764675140381,
        4.419473767280579,
        4.408607244491577,
        4.398422956466675,
        4.388905763626099,
        4.380188941955566,
        4.372284412384033,
        4.365315556526184,
        4.359257698059082,
        4.354143261909485,
        4.349959969520569,
        4.346646785736084,
        4.344130158424377,
        4.342340588569641,
        4.341176152229309,
        4.340503692626953,
        4.340208172798157,
        4.340132474899292
    ],
    "validation_accuracies": [
        0.0536480686695279,
        51.70064377682403,
        54.87124463519313,
        55.107296137339056,
        55.33261802575107,
        55.52038626609443,
        55.60622317596567,
        55.72961373390558,
        55.79935622317597,
        55.81008583690987,
        55.81545064377682,
        55.84227467811159,
        55.84227467811159,
        55.84227467811159,
        55.84227467811159,
        55.84227467811159,
        55.84227467811159,
        55.84227467811159,
        55.84227467811159,
        55.84227467811159
    ],
    "test_losses": [
        4.457680451242547,
        4.447726952402215,
        4.437118931820518,
        4.426638929467452,
        4.416553522411146,
        4.407097941950748,
        4.398265386882581,
        4.3901722556666325,
        4.382837395918997,
        4.376368422257273,
        4.370746537258751,
        4.365998669674522,
        4.362116161145662,
        4.359041490052876,
        4.356706543972618,
        4.3550457201505965,
        4.353964303669176,
        4.35334102731002,
        4.353065892269737,
        4.352996123464484
    ],
    "test_accuracies": [
        0.0547680412371134,
        48.130369415807564,
        51.63874570446736,
        51.94480240549828,
        52.137027491408936,
        52.25837628865979,
        52.356099656357394,
        52.41838487972509,
        52.45382302405498,
        52.47959621993127,
        52.48818728522336,
        52.49033505154639,
        52.492482817869416,
        52.492482817869416,
        52.494630584192436,
        52.49570446735395,
        52.49570446735395,
        52.49677835051546,
        52.49785223367698,
        52.49785223367698
    ]
}