{
    "train_losses": [
        4.503056271870931,
        4.490433565775553,
        4.474555651346843,
        4.458545589447022,
        4.442854595184326,
        4.428039296468099,
        4.413891569773356,
        4.401017793019613,
        4.389110120137532,
        4.378594303131104,
        4.369475428263346,
        4.361276499430338,
        4.354496351877848,
        4.349690628051758,
        4.345577176411947,
        4.342388280232748,
        4.339964930216471,
        4.338719749450684,
        4.337962595621745,
        4.337952613830566
    ],
    "train_accuracies": [
        0.0004833512352309345,
        0.0004833512352309345,
        0.0004833512352309345,
        0.0004967776584317938,
        0.3256981740064447,
        0.5344656283566058,
        0.5394468313641246,
        0.5406954887218045,
        0.5415279269602578,
        0.5429108485499463,
        0.5444011815252416,
        0.5450187969924812,
        0.5459049409237379,
        0.5465225563909775,
        0.5469790547798067,
        0.5472878625134264,
        0.547516111707841,
        0.5476503759398497,
        0.5477309344790547,
        0.5477846401718582
    ],
    "validation_losses": [
        4.496530294418335,
        4.4807528257369995,
        4.463902592658997,
        4.447240233421326,
        4.4312896728515625,
        4.416260600090027,
        4.402189493179321,
        4.38931143283844,
        4.3776938915252686,
        4.367411971092224,
        4.358457446098328,
        4.35090446472168,
        4.3446784019470215,
        4.339763402938843,
        4.3360748291015625,
        4.333432912826538,
        4.331711053848267,
        4.330724716186523,
        4.330280900001526,
        4.3301674127578735
    ],
    "validation_accuracies": [
        0.048283261802575105,
        0.048283261802575105,
        0.048283261802575105,
        0.04291845493562232,
        54.79077253218884,
        55.654506437768234,
        55.80472103004291,
        55.90665236051502,
        56.01931330472103,
        56.17489270386265,
        56.228540772532185,
        56.3412017167382,
        56.44849785407725,
        56.50751072961373,
        56.53969957081545,
        56.555793991416316,
        56.57188841201717,
        56.57188841201717,
        56.57725321888412,
        56.57725321888412
    ],
    "test_losses": [
        4.498140008826005,
        4.483806057980186,
        4.46849893268786,
        4.453363443675794,
        4.438873792949476,
        4.425220640082109,
        4.412440350181178,
        4.400741100311279,
        4.390188392839934,
        4.3808493865163705,
        4.372715774335359,
        4.365857023941843,
        4.3602008066679305,
        4.355737686157227,
        4.352388030604312,
        4.34998863621762,
        4.3484244095651725,
        4.347528683511834,
        4.347125003212376,
        4.347023010253906
    ],
    "test_accuracies": [
        0.06765463917525773,
        0.06980240549828179,
        0.06980240549828179,
        0.07517182130584193,
        50.40700171821306,
        51.245704467353946,
        51.41752577319587,
        51.51417525773196,
        51.64196735395189,
        51.76439003436426,
        51.89647766323024,
        51.989905498281786,
        52.06507731958763,
        52.11769759450172,
        52.15098797250859,
        52.17676116838488,
        52.196091065292094,
        52.20468213058419,
        52.208977663230236,
        52.208977663230236
    ]
}