{
    "train_losses": [
        4.503056271870931
    ],
    "train_accuracies": [
        0.0004833512352309345
    ],
    "validation_losses": [
        4.496530294418335
    ],
    "validation_accuracies": [
        0.048283261802575105
    ],
    "test_losses": [
        4.498140008826005
    ],
    "test_accuracies": [
        0.06765463917525773
    ]
}