{
    "train_losses": [
        4.474140930175781,
        4.466256205240885,
        4.456436824798584,
        4.44647118250529,
        4.4368606885274255,
        4.427737140655518,
        4.418836180369059,
        4.410734780629476,
        4.403432051340739,
        4.396990903218588,
        4.391674518585205,
        4.386575762430827,
        4.382577355702718,
        4.379217306772868,
        4.376861317952474,
        4.375084559122722,
        4.373838837941488,
        4.372829882303874,
        4.3723660151163735,
        4.37218287785848
    ],
    "train_accuracies": [
        0.021764232008592913,
        0.024718045112781955,
        0.028544575725026854,
        0.03296186895810956,
        0.03693609022556391,
        0.1691595059076262,
        0.5684479054779806,
        0.5680853920515575,
        0.5638963480128893,
        0.5599758324382385,
        0.557733619763695,
        0.5571697099892589,
        0.556968313641246,
        0.5567803437164339,
        0.5566058002148228,
        0.5565386680988185,
        0.5564983888292159,
        0.5564849624060151,
        0.5564849624060151,
        0.5564849624060151
    ],
    "validation_losses": [
        5.27075092792511,
        5.261403965950012,
        5.251415657997131,
        5.241583752632141,
        5.232149052619934,
        5.223263549804687,
        5.214981126785278,
        5.207429099082947,
        5.200605797767639,
        5.1945586681365965,
        5.1893390893936155,
        5.184940981864929,
        5.181333112716675,
        5.17847626209259,
        5.17631618976593,
        5.174786019325256,
        5.173789548873901,
        5.17321937084198,
        5.172967481613159,
        5.172904896736145
    ],
    "validation_accuracies": [
        -5.698497854077253,
        -5.306866952789699,
        -4.888412017167382,
        -4.421673819742489,
        -4.013948497854077,
        47.831545064377686,
        48.25536480686695,
        47.88519313304721,
        47.55793991416309,
        47.04828326180258,
        46.94098712446351,
        46.92489270386266,
        46.8980686695279,
        46.87660944206009,
        46.87660944206009,
        46.88197424892704,
        46.88197424892704,
        46.88197424892704,
        46.88197424892704,
        46.88197424892704
    ],
    "test_losses": [
        5.269076984807064,
        5.2602366246675185,
        5.250788523021497,
        5.241488441668059,
        5.232565889860454,
        5.224160731466193,
        5.216326648310611,
        5.20918345200388,
        5.202729787324604,
        5.197010903609426,
        5.192074032833702,
        5.187913478048224,
        5.184500980377197,
        5.181798719104967,
        5.1797556977523,
        5.178309300071315,
        5.177366417332699,
        5.176826788249769,
        5.176588746121055,
        5.1765298943770555
    ],
    "test_accuracies": [
        -5.520403780068729,
        -5.1660223367697595,
        -4.72143470790378,
        -4.241408934707904,
        -3.583118556701031,
        45.97981099656357,
        46.1247852233677,
        45.57603092783505,
        45.19158075601374,
        44.734106529209626,
        44.61275773195876,
        44.589132302405496,
        44.552620274914084,
        44.52899484536082,
        44.519329896907216,
        44.5182560137457,
        44.51396048109965,
        44.51288659793815,
        44.51288659793815,
        44.51288659793815
    ]
}