{
    "train_losses": [
        3.023656431833903
    ],
    "train_accuracies": [
        0.5123657357679914
    ],
    "validation_losses": [
        1.9359163641929626
    ],
    "validation_accuracies": [
        58.89484978540772
    ],
    "test_losses": [
        2.1527317072215832
    ],
    "test_accuracies": [
        57.50107388316151
    ]
}