{
    "train_losses": [
        3.027433745066325
    ],
    "train_accuracies": [
        0.48131041890440385
    ],
    "validation_losses": [
        2.9023741662502287
    ],
    "validation_accuracies": [
        48.41094420600859
    ],
    "test_losses": [
        3.033909995932328
    ],
    "test_accuracies": [
        46.23969072164948
    ]
}