{
    "train_losses": [
        3.023656431833903,
        1.8948188781738282,
        1.6371400435765584,
        1.523325268427531,
        1.481218123435974,
        1.4601311047871908,
        1.4483535051345826,
        1.4405583540598552,
        1.428511913617452,
        1.4272946914037068,
        1.4232953468958536,
        1.4118128299713135,
        1.4056273857752482,
        1.406180238723755,
        1.4008260091145834,
        1.3997652292251588,
        1.3980991204579671,
        1.4027055501937866,
        1.3971515814463298,
        1.4007863759994508
    ],
    "train_accuracies": [
        0.5123657357679914,
        0.605142320085929,
        0.6130504833512352,
        0.613641245972073,
        0.6134264232008593,
        0.6133861439312567,
        0.6135069817400645,
        0.6138560687432868,
        0.6161654135338346,
        0.6175751879699248,
        0.6184747583243824,
        0.6200859291084855,
        0.6208780880773362,
        0.6214285714285714,
        0.6226369495166487,
        0.6228383458646617,
        0.6230128893662729,
        0.6231203007518797,
        0.6233619763694952,
        0.6234022556390978
    ],
    "validation_losses": [
        1.9359163641929626,
        1.6537964940071106,
        1.4902392029762268,
        1.4304187297821045,
        1.4037023484706879,
        1.388231784105301,
        1.377811312675476,
        1.3694541156291962,
        1.3623695373535156,
        1.3562431931495667,
        1.351090908050537,
        1.3468979001045227,
        1.3433176279067993,
        1.3403123617172241,
        1.3381369709968567,
        1.3365985453128815,
        1.3355216681957245,
        1.334932267665863,
        1.3346758484840393,
        1.3346054553985596
    ],
    "validation_accuracies": [
        58.89484978540772,
        62.82188841201717,
        62.011802575107296,
        62.805793991416316,
        62.85944206008583,
        62.8969957081545,
        62.93454935622318,
        63.11158798283262,
        63.175965665236056,
        63.30472103004292,
        63.44420600858369,
        63.44957081545064,
        63.48175965665236,
        63.57832618025752,
        63.642703862660944,
        63.642703862660944,
        63.67489270386266,
        63.6695278969957,
        63.6695278969957,
        63.67489270386266
    ],
    "test_losses": [
        2.1527317072215832,
        1.7781654157136615,
        1.6456641774428518,
        1.5729347906614606,
        1.5569095423347072,
        1.5465958745856034,
        1.542281897444474,
        1.5404469527696307,
        1.5380766015303762,
        1.5374752785030164,
        1.5373273711455495,
        1.5364857661096674,
        1.5350114295357151,
        1.535305186321861,
        1.5346601072110628,
        1.5339182866247076,
        1.534087193639655,
        1.5337861274418079,
        1.533676636846442,
        1.5336840152740479
    ],
    "test_accuracies": [
        57.50107388316151,
        61.736469072164944,
        58.088487972508595,
        61.690292096219935,
        59.03350515463918,
        58.884235395189,
        58.867053264604806,
        59.07216494845361,
        59.15914948453608,
        59.28264604810997,
        59.42332474226804,
        59.51890034364261,
        59.57689003436426,
        59.69823883161512,
        59.73904639175258,
        59.75300687285223,
        59.77770618556701,
        59.78629725085911,
        59.80025773195876,
        59.80884879725086
    ]
}