{
    "train_losses": [
        2.8602333386739094,
        1.8628653685251872,
        1.594470477104187,
        1.4810377518335978,
        1.4458865165710448,
        1.4209617535273233,
        1.4042537371317545,
        1.396995480855306,
        1.3877077420552573,
        1.3802400430043538,
        1.3745002269744873,
        1.3692669947942098,
        1.3661590337753295,
        1.3635334730148316,
        1.3611055930455527,
        1.3570626656214395,
        1.3551761388778687,
        1.3543179909388223,
        1.3529904206593832,
        1.3573487917582194
    ],
    "train_accuracies": [
        0.5229189044038668,
        0.607451664876477,
        0.6165279269602578,
        0.6134667024704619,
        0.6149167561761547,
        0.6164473684210526,
        0.6181525241675617,
        0.6205424274973147,
        0.6228920515574651,
        0.6246777658431794,
        0.6270273899033297,
        0.627859828141783,
        0.6277389903329753,
        0.6287996777658432,
        0.6297261009667025,
        0.6294575725026853,
        0.6294978517722879,
        0.6296858216970999,
        0.6298200859291084,
        0.6298737916219119
    ],
    "validation_losses": [
        1.9999282956123352,
        1.6551239788532257,
        1.4862627685070038,
        1.4221118688583374,
        1.3927967548370361,
        1.3772125244140625,
        1.3658051192760468,
        1.3571966290473938,
        1.349712610244751,
        1.3432717621326447,
        1.3378279209136963,
        1.3334259390830994,
        1.32974511384964,
        1.326796144247055,
        1.3245769739151,
        1.3229790329933167,
        1.3219267129898071,
        1.3213490545749664,
        1.3210785388946533,
        1.321010023355484
    ],
    "validation_accuracies": [
        58.95922746781116,
        62.11909871244635,
        61.08369098712446,
        61.86695278969957,
        62.086909871244636,
        62.33905579399141,
        62.478540772532185,
        62.67167381974249,
        62.8862660944206,
        63.0793991416309,
        63.1706008583691,
        63.202789699570815,
        63.30472103004292,
        63.347639484978544,
        63.39055793991416,
        63.433476394849784,
        63.428111587982826,
        63.4549356223176,
        63.44957081545064,
        63.44957081545064
    ],
    "test_losses": [
        2.1536687047857987,
        1.7459910919791775,
        1.612352634731092,
        1.5410507980145907,
        1.5317624054457013,
        1.5244012443642867,
        1.5170210411674099,
        1.5172386106691862,
        1.5135830954501504,
        1.5133683116812455,
        1.5109093816656816,
        1.5096533925909745,
        1.5074639320373535,
        1.5051676787828143,
        1.5039533564918919,
        1.5031272172927856,
        1.5025984927227622,
        1.5021292849590904,
        1.5018999074634753,
        1.5018740076767771
    ],
    "test_accuracies": [
        58.718857388316145,
        61.840635738831615,
        57.65786082474227,
        61.60115979381443,
        58.90356529209622,
        59.06679553264604,
        59.17096219931272,
        59.30949312714776,
        59.44372852233677,
        59.58440721649485,
        59.628436426116835,
        59.69072164948454,
        59.791666666666664,
        59.83140034364261,
        59.867912371134025,
        59.87865120274915,
        59.88187285223368,
        59.90120274914089,
        59.90549828178694,
        59.90764604810997
    ]
}