{
    "train_losses": [
        3.027433745066325,
        1.8862213850021363,
        1.605773425102234,
        1.4853534619013469,
        1.4410965204238892,
        1.4117969592412314,
        1.3939502080281576,
        1.38821386496226,
        1.3790199836095174,
        1.3644941250483196,
        1.3609818696975708,
        1.356488029162089,
        1.3453430573145548,
        1.3387674729029337,
        1.3403797626495362,
        1.3361780484517416,
        1.3405157804489136,
        1.3355072816212972,
        1.332527724901835,
        1.333972652753194
    ],
    "train_accuracies": [
        0.48131041890440385,
        0.6015843179377014,
        0.6168233082706767,
        0.6211197636949517,
        0.6212271750805586,
        0.6240735767991407,
        0.6226235230934479,
        0.6289607948442535,
        0.6355800214822771,
        0.6358619763694952,
        0.6408297529538131,
        0.642266380236305,
        0.6436895810955962,
        0.6451664876476907,
        0.645327604726101,
        0.6461331901181525,
        0.646656820622986,
        0.6469387755102041,
        0.6468313641245972,
        0.6468582169709989
    ],
    "validation_losses": [
        2.9023741662502287,
        2.5288156151771544,
        2.333637136220932,
        2.2696113765239714,
        2.240904825925827,
        2.222569006681442,
        2.2090153276920317,
        2.1982391357421873,
        2.189010488986969,
        2.1811024129390715,
        2.173951494693756,
        2.1683968186378477,
        2.1636181652545927,
        2.1599885404109953,
        2.157127457857132,
        2.155158895254135,
        2.1538506925106047,
        2.1530910313129423,
        2.1527523577213286,
        2.1526712357997893
    ],
    "validation_accuracies": [
        48.41094420600859,
        53.1480686695279,
        53.21244635193133,
        53.357296137339056,
        53.80257510729614,
        53.51824034334764,
        53.80257510729614,
        54.6931330472103,
        54.51609442060085,
        55.22424892703863,
        55.52467811158798,
        55.70708154506438,
        55.88412017167382,
        56.01287553648068,
        55.96459227467811,
        56.02360515021459,
        56.05042918454936,
        56.05042918454936,
        56.077253218884124,
        56.077253218884124
    ],
    "test_losses": [
        3.033909995932328,
        2.628886038378665,
        2.4307095665680736,
        2.376891917931406,
        2.36068512013084,
        2.3435700918498794,
        2.335392905536451,
        2.330304839736537,
        2.3228763316806997,
        2.3210213912160773,
        2.315176478185152,
        2.3131430563173794,
        2.309473066580923,
        2.3078261149557013,
        2.3049401396199274,
        2.3038742579911884,
        2.3030559740568464,
        2.302403842775445,
        2.302052752595199,
        2.3020197378961664
    ],
    "test_accuracies": [
        46.23969072164948,
        53.57216494845361,
        50.9465206185567,
        51.123711340206185,
        51.46950171821306,
        51.15914948453608,
        51.47594501718213,
        52.498281786941575,
        52.329682130584196,
        53.08462199312715,
        53.31443298969073,
        53.47981099656358,
        53.63015463917526,
        53.79660652920962,
        53.80197594501718,
        53.881443298969074,
        53.91688144329896,
        53.921176975945016,
        53.90292096219932,
        53.90506872852234
    ]
}