{
    "train_losses": [
        4.490499687194824,
        4.4092809677124025,
        4.3059033711751304,
        4.193013000488281,
        4.071840635935465,
        3.940978002548218,
        3.8010534922281902,
        3.649000898996989,
        3.488679520289103,
        3.331846825281779,
        3.1676938851674397,
        3.021919520696004,
        2.9024465878804526,
        2.7969144344329835,
        2.722271172205607,
        2.667899004618327,
        2.629733371734619,
        2.603794240951538,
        2.5914672374725343,
        2.5910691897074383
    ],
    "train_accuracies": [
        0.0246374865735768,
        0.45198711063372715,
        0.5531283566058002,
        0.5513560687432868,
        0.5512755102040816,
        0.5512755102040816,
        0.5512755102040816,
        0.5512755102040816,
        0.5512755102040816,
        0.5512755102040816,
        0.5512755102040816,
        0.5512755102040816,
        0.5512755102040816,
        0.551235230934479,
        0.551235230934479,
        0.551235230934479,
        0.5512486573576799,
        0.5512486573576799,
        0.5512486573576799,
        0.5512486573576799
    ],
    "validation_losses": [
        4.452134847640991,
        4.349791526794434,
        4.235101699829102,
        4.113237142562866,
        3.982717990875244,
        3.841446816921234,
        3.688415050506592,
        3.526098072528839,
        3.356884777545929,
        3.1876142024993896,
        3.02836412191391,
        2.8860248923301697,
        2.7675331234931946,
        2.67582106590271,
        2.6087523102760315,
        2.5631754398345947,
        2.5344951152801514,
        2.5186395049095154,
        2.511590540409088,
        2.509839713573456
    ],
    "validation_accuracies": [
        2.580472103004292,
        57.63412017167382,
        56.96888412017167,
        56.952789699570815,
        56.952789699570815,
        56.952789699570815,
        56.952789699570815,
        56.952789699570815,
        56.952789699570815,
        56.952789699570815,
        56.952789699570815,
        56.952789699570815,
        56.952789699570815,
        56.94742489270386,
        56.94742489270386,
        56.952789699570815,
        56.958154506437765,
        56.958154506437765,
        56.958154506437765,
        56.958154506437765
    ],
    "test_losses": [
        4.453499693619578,
        4.360337734222412,
        4.256009453221371,
        4.145242615749962,
        4.026719369386372,
        3.898580551147461,
        3.759934086548655,
        3.613018224113866,
        3.4599940902308415,
        3.3070355089087236,
        3.163197304073133,
        3.0346827130568657,
        2.927723018746627,
        2.844934902693096,
        2.784392105905633,
        2.743245526363975,
        2.7173499935551693,
        2.703032142237613,
        2.696667934718885,
        2.6950870187659013
    ],
    "test_accuracies": [
        2.8726374570446733,
        53.27212199312715,
        52.54402920962199,
        52.517182130584196,
        52.51396048109965,
        52.51396048109965,
        52.51503436426117,
        52.51503436426117,
        52.51396048109965,
        52.51396048109965,
        52.51396048109965,
        52.51396048109965,
        52.51503436426117,
        52.509664948453604,
        52.51073883161512,
        52.51073883161512,
        52.51073883161512,
        52.51073883161512,
        52.51073883161512,
        52.51073883161512
    ]
}