{
    "train_losses": [
        4.458454990386963,
        4.361424732208252,
        4.235677878061931,
        4.09736115137736,
        3.9491059303283693,
        3.7849059104919434,
        3.6064414183298745,
        3.4147265434265135,
        3.2170159180959064,
        3.026025406519572,
        2.8469979763031006,
        2.700330861409505,
        2.5886080106099447,
        2.5057984352111817,
        2.45415514310201,
        2.4148298422495524,
        2.394418954849243,
        2.376978047688802,
        2.375589879353841,
        2.3698004404703776
    ],
    "train_accuracies": [
        0.09534103114930183,
        0.5550214822771213,
        0.5564446831364125,
        0.5564312567132116,
        0.5564312567132116,
        0.5564312567132116,
        0.5564312567132116,
        0.5564312567132116,
        0.5564312567132116,
        0.5564312567132116,
        0.5564312567132116,
        0.5564312567132116,
        0.5564312567132116,
        0.5564312567132116,
        0.5564312567132116,
        0.5564312567132116,
        0.5564312567132116,
        0.5564312567132116,
        0.5564312567132116,
        0.5564312567132116
    ],
    "validation_losses": [
        5.215030598640442,
        5.09779577255249,
        4.965864944458008,
        4.822363424301147,
        4.665635633468628,
        4.49488376379013,
        4.310213017463684,
        4.116425323486328,
        3.920331287384033,
        3.7349745512008665,
        3.5751083970069883,
        3.446910011768341,
        3.3517683029174803,
        3.2854127168655394,
        3.2410743713378904,
        3.2126611948013304,
        3.195491003990173,
        3.1861846327781675,
        3.182108986377716,
        3.1811081647872923
    ],
    "validation_accuracies": [
        46.05042918454935,
        46.88197424892704,
        46.86587982832618,
        46.86587982832618,
        46.86587982832618,
        46.86587982832618,
        46.86587982832618,
        46.86587982832618,
        46.86587982832618,
        46.86587982832618,
        46.86587982832618,
        46.86587982832618,
        46.86587982832618,
        46.86587982832618,
        46.86587982832618,
        46.86587982832618,
        46.86587982832618,
        46.86587982832618,
        46.86587982832618,
        46.86587982832618
    ],
    "test_losses": [
        5.218634264092696,
        5.107892146863435,
        4.983306643837376,
        4.847870610889635,
        4.700041755877043,
        4.539078421341745,
        4.365091672696566,
        4.182602766940469,
        3.9980125402149405,
        3.8235620925301,
        3.673094483425743,
        3.5524098722558275,
        3.4628099993655557,
        3.4002886420802065,
        3.3584915437196434,
        3.3316941612645197,
        3.3154943842636913,
        3.306711094002975,
        3.3028646117762515,
        3.301920097752621
    ],
    "test_accuracies": [
        43.61726804123712,
        44.51073883161512,
        44.50429553264605,
        44.50429553264605,
        44.50429553264605,
        44.50429553264605,
        44.50429553264605,
        44.50429553264605,
        44.50429553264605,
        44.50429553264605,
        44.50429553264605,
        44.50429553264605,
        44.50429553264605,
        44.50429553264605,
        44.50429553264605,
        44.50429553264605,
        44.50429553264605,
        44.50429553264605,
        44.50429553264605,
        44.50429553264605
    ]
}