{
    "train_losses": [
        4.490499687194824
    ],
    "train_accuracies": [
        0.0246374865735768
    ],
    "validation_losses": [
        4.452134847640991
    ],
    "validation_accuracies": [
        2.580472103004292
    ],
    "test_losses": [
        4.453499693619578
    ],
    "test_accuracies": [
        2.8726374570446733
    ]
}