{
    "train_losses": [
        4.4913703600565595,
        4.4069016456604,
        4.296414693196614,
        4.180924797058106,
        4.057661978403727,
        3.9275633970896404,
        3.7855767885843914,
        3.6338845252990724,
        3.4822376569112143,
        3.3230342864990234,
        3.1724613189697264,
        3.0378586610158282,
        2.9117331981658934,
        2.8170247236887613,
        2.7470508098602293,
        2.6967637379964193,
        2.660668690999349,
        2.640850814183553,
        2.627568085988363,
        2.6221464474995932
    ],
    "train_accuracies": [
        0.05132921589688507,
        0.5512755102040816,
        0.5540682062298604,
        0.5539742212674543,
        0.5539742212674543,
        0.5539742212674543,
        0.5539742212674543,
        0.5539742212674543,
        0.5539742212674543,
        0.5539742212674543,
        0.5539742212674543,
        0.5539742212674543,
        0.5539742212674543,
        0.5539742212674543,
        0.5539742212674543,
        0.5539742212674543,
        0.5539742212674543,
        0.5539742212674543,
        0.5539742212674543,
        0.5539742212674543
    ],
    "validation_losses": [
        4.451739072799683,
        4.3470375537872314,
        4.232122778892517,
        4.10965621471405,
        3.9799203276634216,
        3.8407273292541504,
        3.6923161149024963,
        3.536167323589325,
        3.375184178352356,
        3.217077910900116,
        3.067934274673462,
        2.9363489151000977,
        2.8278594613075256,
        2.7432026267051697,
        2.6813459396362305,
        2.6392080187797546,
        2.6126514077186584,
        2.597934663295746,
        2.5914024710655212,
        2.5897708535194397
    ],
    "validation_accuracies": [
        53.87339055793991,
        55.8637339055794,
        55.84763948497854,
        55.84763948497854,
        55.84763948497854,
        55.84763948497854,
        55.84763948497854,
        55.84763948497854,
        55.84763948497854,
        55.84763948497854,
        55.84763948497854,
        55.84763948497854,
        55.84763948497854,
        55.84763948497854,
        55.84763948497854,
        55.84763948497854,
        55.84763948497854,
        55.84763948497854,
        55.84763948497854,
        55.84763948497854
    ],
    "test_losses": [
        4.457881274976228,
        4.36057680531552,
        4.253819967571058,
        4.140142716859517,
        4.0198108271548625,
        3.8908281828227795,
        3.7534365779475163,
        3.609004911623503,
        3.46022966033534,
        3.3142174294120386,
        3.1765846704181873,
        3.055228459207635,
        2.9552257437455025,
        2.8772332166370593,
        2.8202680914025557,
        2.7814755188791374,
        2.7570318924753288,
        2.7434873455449154,
        2.73747760371158,
        2.735975641953318
    ],
    "test_accuracies": [
        50.492912371134025,
        52.522551546391746,
        52.50429553264605,
        52.50429553264605,
        52.50429553264605,
        52.50429553264605,
        52.50429553264605,
        52.50429553264605,
        52.50429553264605,
        52.50429553264605,
        52.50429553264605,
        52.50429553264605,
        52.50429553264605,
        52.50429553264605,
        52.50429553264605,
        52.50429553264605,
        52.50429553264605,
        52.50429553264605,
        52.50429553264605,
        52.50429553264605
    ]
}