{
    "train_losses": [
        4.260690863927206,
        3.0194138209025065,
        2.1096679608027142,
        2.06587815284729,
        1.994507614771525,
        1.9584536949793498,
        1.9377578576405843,
        1.9202320019404093,
        1.8976910670598348,
        1.8741064627965291,
        1.8509063084920248,
        1.839399806658427,
        1.823224663734436,
        1.8040482918421428,
        1.7955132484436036,
        1.7864228010177612,
        1.7830678383509317,
        1.7855221350987753,
        1.7736984093983967,
        1.7757123311360676
    ],
    "train_accuracies": [
        0.41129162191192264,
        0.5564312567132116,
        0.5564715359828142,
        0.5570488721804512,
        0.5588211600429646,
        0.5627685284640171,
        0.5667158968850698,
        0.5706632653061224,
        0.5744226638023631,
        0.5783566058002149,
        0.5813775510204081,
        0.5844387755102041,
        0.5873657357679914,
        0.5895810955961331,
        0.5918770139634801,
        0.5937164339419978,
        0.5953544575725027,
        0.596186895810956,
        0.5966433941997852,
        0.5967373791621912
    ],
    "validation_losses": [
        4.600868511199951,
        2.9879794895648955,
        2.914223688840866,
        2.830213266611099,
        2.7930236637592314,
        2.7675402641296385,
        2.743217575550079,
        2.719933199882507,
        2.69777272939682,
        2.6770115077495573,
        2.6580481708049772,
        2.6412901759147642,
        2.6272017538547514,
        2.6156557381153105,
        2.6068395555019377,
        2.6005198538303373,
        2.5963738441467283,
        2.594001758098602,
        2.5929352223873137,
        2.5926673889160154
    ],
    "validation_accuracies": [
        46.86587982832618,
        46.86587982832618,
        46.887339055793994,
        46.903433476394845,
        47.27896995708155,
        47.713519313304715,
        48.08369098712447,
        48.502145922746784,
        48.888412017167376,
        49.2049356223176,
        49.54828326180258,
        49.9774678111588,
        50.197424892703864,
        50.35836909871245,
        50.572961373390555,
        50.76609442060086,
        50.86266094420601,
        50.921673819742495,
        50.964592274678104,
        50.98068669527897
    ],
    "test_losses": [
        4.6408007621765135,
        3.1221666687413263,
        3.0503877188030044,
        2.9637181420075267,
        2.9237653493881224,
        2.8948688983917235,
        2.866862344741821,
        2.8398567914962767,
        2.8140431429210464,
        2.78975734334243,
        2.7675228093799795,
        2.747799701439707,
        2.7311928874567934,
        2.71752092461837,
        2.707083367046557,
        2.699592399597168,
        2.6946734792307803,
        2.691858740856773,
        2.690593961665505,
        2.6902760493127924
    ],
    "test_accuracies": [
        44.50429553264605,
        44.50429553264605,
        44.517182130584196,
        44.61275773195876,
        45.03157216494845,
        47.85481099656357,
        48.34020618556701,
        48.949097938144334,
        49.37435567010309,
        49.846864261168385,
        50.11318728522337,
        50.402061855670105,
        50.622207903780065,
        50.82409793814433,
        50.99269759450172,
        51.126932989690715,
        51.2149914089347,
        51.264390034364254,
        51.29338487972509,
        51.29875429553264
    ]
}