{
    "train_losses": [
        4.299130900700887,
        3.060385004679362,
        2.1642054080963136,
        2.0752172231674195,
        2.0015502691268923,
        1.9809364954630533,
        1.947574504216512,
        1.9212538480758667,
        1.8929763634999592,
        1.8670335133870444,
        1.8464581648508707,
        1.8303579489390056,
        1.8087165832519532,
        1.7946131308873494,
        1.7843040148417155,
        1.77300922870636,
        1.7740243355433145,
        1.7726318518320718,
        1.7722937027613321,
        1.7587436755498251
    ],
    "train_accuracies": [
        0.32980665950590765,
        0.5539742212674543,
        0.5539742212674543,
        0.5539339419978517,
        0.5539205155746509,
        0.5548872180451128,
        0.5562701396348013,
        0.5585526315789474,
        0.562593984962406,
        0.567279806659506,
        0.5737513426423201,
        0.5809613319011815,
        0.5872448979591837,
        0.5919441460794844,
        0.5952067669172932,
        0.5971938775510204,
        0.5982008592910849,
        0.599046723952739,
        0.5993555316863588,
        0.5994897959183674
    ],
    "validation_losses": [
        3.8228301405906677,
        2.148113578557968,
        2.090727001428604,
        1.9793454110622406,
        1.9457881152629852,
        1.91568723320961,
        1.887998342514038,
        1.8623969852924347,
        1.838625282049179,
        1.8162376880645752,
        1.7962551414966583,
        1.7787359058856964,
        1.7640707194805145,
        1.752293586730957,
        1.743458479642868,
        1.7371171414852142,
        1.732990026473999,
        1.7306232452392578,
        1.7295610010623932,
        1.729295015335083
    ],
    "validation_accuracies": [
        55.84763948497854,
        55.84763948497854,
        55.84763948497854,
        55.8637339055794,
        55.912017167381975,
        56.03004291845494,
        56.19635193133047,
        56.55042918454936,
        57.011802575107296,
        57.55901287553649,
        58.26716738197425,
        59.01287553648069,
        59.59763948497854,
        59.978540772532185,
        60.209227467811154,
        60.316523605150216,
        60.43454935622318,
        60.53111587982832,
        60.552575107296136,
        60.547210300429185
    ],
    "test_losses": [
        3.871172879871569,
        2.3312017290215743,
        2.2934406431097734,
        2.153865839305677,
        2.1103730327204655,
        2.074399860281693,
        2.0410880352321423,
        2.009661134920622,
        1.9802636723769338,
        1.952389867682206,
        1.9275273084640503,
        1.9057025093781321,
        1.8875044458790828,
        1.8729186434494822,
        1.8620510038576628,
        1.8542686951787848,
        1.8492260732148822,
        1.8463367725673474,
        1.845043797242014,
        1.8447198365864002
    ],
    "test_accuracies": [
        52.50429553264605,
        52.50429553264605,
        52.50322164948453,
        52.50322164948453,
        52.56443298969072,
        52.751288659793815,
        52.9553264604811,
        53.36984536082474,
        53.88638316151203,
        54.515678694158076,
        55.25343642611684,
        55.89884020618556,
        56.40463917525773,
        56.94265463917526,
        57.17568728522336,
        57.30884879725085,
        57.40657216494846,
        57.457044673539514,
        57.48711340206185,
        57.493556701030926
    ]
}