{
    "train_losses": [
        4.315828625361124
    ],
    "train_accuracies": [
        0.3258190118152524
    ],
    "validation_losses": [
        3.8476654291152954
    ],
    "validation_accuracies": [
        56.94742489270386
    ],
    "test_losses": [
        3.9086143594039116
    ],
    "test_accuracies": [
        52.50429553264605
    ]
}