{
    "train_losses": [
        4.315828625361124,
        3.1112806955973307,
        2.110438410441081,
        2.051870520909627,
        2.0104865868886312,
        1.9824557940165202,
        1.9601003487904867,
        1.9334863742192587,
        1.9209634780883789,
        1.8960094928741456,
        1.8721624453862509,
        1.8554543177286784,
        1.842654275894165,
        1.83054727713267,
        1.821888510386149,
        1.8158846537272135,
        1.8094356616338094,
        1.8074477990468343,
        1.8076080560684205,
        1.806085467338562
    ],
    "train_accuracies": [
        0.3258190118152524,
        0.5512218045112782,
        0.5512486573576799,
        0.5513560687432868,
        0.5536922663802363,
        0.5585660580021482,
        0.5636680988184748,
        0.566890440386681,
        0.569750268528464,
        0.5720864661654136,
        0.5746509129967776,
        0.5777926960257788,
        0.5810284640171858,
        0.5844119226638024,
        0.5872314715359828,
        0.5895139634801289,
        0.5910848549946295,
        0.5917696025778733,
        0.5920918367346939,
        0.5922932330827068
    ],
    "validation_losses": [
        3.8476654291152954,
        2.1263973116874695,
        1.966732770204544,
        1.9234972894191742,
        1.8930944800376892,
        1.870920330286026,
        1.8501999378204346,
        1.8300849795341492,
        1.8109892904758453,
        1.7928671538829803,
        1.776293396949768,
        1.7617019712924957,
        1.7492888271808624,
        1.7391741573810577,
        1.7313807010650635,
        1.7257379293441772,
        1.7220194339752197,
        1.719875693321228,
        1.7189118266105652,
        1.718668818473816
    ],
    "validation_accuracies": [
        56.94742489270386,
        56.94742489270386,
        56.952789699570815,
        57.006437768240346,
        57.3980686695279,
        57.7843347639485,
        58.17596566523605,
        58.551502145922754,
        58.80901287553648,
        59.007510729613735,
        59.23283261802575,
        59.57081545064378,
        59.892703862660944,
        60.17167381974249,
        60.54184549356223,
        60.68669527896996,
        60.77789699570816,
        60.81008583690986,
        60.82618025751073,
        60.842274678111586
    ],
    "test_losses": [
        3.9086143594039116,
        2.348270428808112,
        2.2038826879702116,
        2.1516813039779663,
        2.1143618696614315,
        2.086586174212004,
        2.0605248777489913,
        2.0351316991605257,
        2.010901664432726,
        1.9878195085023578,
        1.9666154886546887,
        1.9479295956461053,
        1.9319912320689152,
        1.9189879956998324,
        1.9089446695227372,
        1.9016770438144082,
        1.8968874027854519,
        1.894119563855623,
        1.8928764180133217,
        1.892562797195033
    ],
    "test_accuracies": [
        52.50429553264605,
        52.50429553264605,
        52.537585910652915,
        52.6159793814433,
        53.09493127147766,
        55.39518900343643,
        56.4100085910653,
        56.896477663230236,
        57.29703608247423,
        57.59987113402062,
        58.063788659793815,
        58.402061855670105,
        58.77577319587629,
        59.016323024054984,
        59.28264604810997,
        59.45661512027491,
        59.57796391752578,
        59.635953608247426,
        59.64884020618557,
        59.65635738831615
    ]
}