{
    "train_losses": [
        3.1891478061676026,
        1.943799344698588,
        1.6585966189702352,
        1.531617784500122,
        1.4779618581136067,
        1.4568911949793497,
        1.4479164918263754,
        1.4346497774124145,
        1.4205567995707193,
        1.4115222056706747,
        1.4077157815297445,
        1.406418212254842,
        1.3989202658335367,
        1.3937560160954794,
        1.3971609195073447,
        1.393540906906128,
        1.3938026507695516,
        1.3861390431722005,
        1.3925201416015625,
        1.390078560511271
    ],
    "train_accuracies": [
        0.5140843179377014,
        0.5832841031149302,
        0.6139903329752954,
        0.6090359828141783,
        0.6149570354457573,
        0.6152926960257787,
        0.6142454350161117,
        0.6146079484425349,
        0.615077873254565,
        0.6158163265306122,
        0.6169978517722878,
        0.617937701396348,
        0.6194146079484425,
        0.62156283566058,
        0.6233619763694952,
        0.6245703544575725,
        0.6251476906552095,
        0.6256041890440387,
        0.6258055853920516,
        0.6259801288936627
    ],
    "validation_losses": [
        1.9911404848098755,
        1.6807079017162323,
        1.4883639216423035,
        1.42734894156456,
        1.4004298746585846,
        1.3852722644805908,
        1.3742894232273102,
        1.3652417361736298,
        1.3574402928352356,
        1.3507603406906128,
        1.3449684977531433,
        1.3399934470653534,
        1.3359645009040833,
        1.3329490721225739,
        1.3304446935653687,
        1.3287428319454193,
        1.3276069462299347,
        1.326979786157608,
        1.3267117142677307,
        1.326635092496872
    ],
    "validation_accuracies": [
        56.94742489270386,
        62.19957081545064,
        62.8969957081545,
        62.86480686695279,
        62.82725321888412,
        62.92918454935622,
        62.92918454935622,
        62.96137339055794,
        63.02575107296138,
        63.122317596566525,
        63.208154506437765,
        63.428111587982826,
        63.6695278969957,
        63.70708154506438,
        63.9538626609442,
        64.00214592274678,
        64.05042918454936,
        64.07725321888412,
        64.09871244635194,
        64.10944206008584
    ],
    "test_losses": [
        2.2161589798174406,
        1.8537228483902781,
        1.632232389952007,
        1.5718037266480296,
        1.551750289766412,
        1.5370010137557983,
        1.5277330687171535,
        1.5231522007992393,
        1.5200318537260358,
        1.5173302073227732,
        1.5155328072999652,
        1.5144366465116803,
        1.513504894156205,
        1.5119963445161517,
        1.511859931443867,
        1.511194712237308,
        1.5111041947415,
        1.5107801650699817,
        1.5106408031363237,
        1.5106483635149504
    ],
    "test_accuracies": [
        52.51073883161512,
        61.05240549828179,
        61.80519759450171,
        61.78157216494845,
        61.74076460481099,
        61.03414948453608,
        59.05713058419244,
        58.950816151202744,
        59.001288659793815,
        59.07753436426116,
        59.177405498281786,
        59.28801546391752,
        59.47916666666667,
        59.5887027491409,
        59.79059278350516,
        59.85180412371134,
        59.93127147766323,
        59.95597079037801,
        59.96670962199313,
        59.98389175257732
    ]
}