{
    "train_losses": [
        3.1891478061676026
    ],
    "train_accuracies": [
        0.5140843179377014
    ],
    "validation_losses": [
        1.9911404848098755
    ],
    "validation_accuracies": [
        56.94742489270386
    ],
    "test_losses": [
        2.2161589798174406
    ],
    "test_accuracies": [
        52.51073883161512
    ]
}