{
    "train_losses": [
        2.9414225896199544,
        1.8806511163711548,
        1.6136181116104127,
        1.5007807970046998,
        1.458076008160909,
        1.4354892730712892,
        1.414488426844279,
        1.412650990486145,
        1.4010685682296753,
        1.3946513970692953,
        1.3835028489430745,
        1.3778346141179403,
        1.3771253983179728,
        1.3738060315450034,
        1.3694515148798625,
        1.3671644051869711,
        1.3677421490351358,
        1.3618129014968872,
        1.3653289715449015,
        1.3591533263524374
    ],
    "train_accuracies": [
        0.517548335123523,
        0.6053974221267454,
        0.6203813104189044,
        0.6221670247046187,
        0.622610096670247,
        0.6253893662728249,
        0.6275241675617615,
        0.6275510204081632,
        0.629202470461869,
        0.629484425349087,
        0.6304108485499463,
        0.6308404940923737,
        0.63187432867884,
        0.6327067669172932,
        0.6333646616541353,
        0.6335392051557465,
        0.6342239527389903,
        0.6345193340494092,
        0.6345998925886144,
        0.6346267454350161
    ],
    "validation_losses": [
        2.8134592950344084,
        2.5195422947406767,
        2.34554083943367,
        2.282718229293823,
        2.257159876823425,
        2.2405710399150847,
        2.228946167230606,
        2.2195992052555082,
        2.2114780724048613,
        2.2045557379722593,
        2.1989482820034025,
        2.1942269086837767,
        2.1902058601379393,
        2.187172073125839,
        2.184787559509277,
        2.1831392526626585,
        2.182050663232803,
        2.181452977657318,
        2.1811679184436796,
        2.1810950517654417
    ],
    "validation_accuracies": [
        48.706008583690995,
        53.303648068669524,
        53.13197424892704,
        53.067596566523605,
        54.18884120171674,
        54.09227467811159,
        54.194206008583684,
        54.26394849785408,
        54.23712446351931,
        54.26394849785408,
        54.35515021459227,
        54.42489270386265,
        54.47317596566524,
        54.58583690987124,
        54.607296137339056,
        54.628755364806864,
        54.70922746781116,
        54.6931330472103,
        54.71459227467812,
        54.71995708154506
    ],
    "test_losses": [
        2.953264390794854,
        2.6066001314865916,
        2.445874958289297,
        2.3800722711964655,
        2.369754211526168,
        2.3560879142660847,
        2.350746767144454,
        2.3499937534332274,
        2.3467717898519416,
        2.346397202893307,
        2.3463900691584536,
        2.3466905832290648,
        2.344545907723276,
        2.344496028046859,
        2.343768085931477,
        2.343302103092796,
        2.3433493789873623,
        2.343175264408714,
        2.343010184639379,
        2.342929310547678
    ],
    "test_accuracies": [
        46.64132302405498,
        53.731099656357394,
        50.97121993127148,
        50.75,
        51.90335051546391,
        51.74119415807561,
        51.86683848797251,
        51.98818728522337,
        51.97852233676976,
        52.076245704467354,
        52.182560137457045,
        52.267396907216494,
        52.31035223367698,
        52.439218213058425,
        52.496134020618555,
        52.51439003436426,
        52.57237972508591,
        52.579896907216494,
        52.58311855670103,
        52.57774914089347
    ]
}