{
    "train_losses": [
        3.376215346654256,
        2.0926685174306234,
        1.694099736213684,
        1.5315372864405314,
        1.4741885821024576,
        1.4506157159805297,
        1.4428581953048707,
        1.4322702805201213,
        1.424926511446635,
        1.4262512842814128,
        1.4232982635498046,
        1.4168900728225708,
        1.411444401741028,
        1.4103491306304932,
        1.4084300518035888,
        1.4089519182840984,
        1.409515953063965,
        1.4077558358510336,
        1.4078324635823567,
        1.402480991681417
    ],
    "train_accuracies": [
        0.5152121374865736,
        0.5611707841031149,
        0.6108619763694951,
        0.6063641245972073,
        0.6175214822771213,
        0.617843716433942,
        0.6181122448979591,
        0.6185821697099892,
        0.6190520945220194,
        0.6193877551020408,
        0.6199650912996778,
        0.6201664876476907,
        0.6203947368421052,
        0.6192937701396348,
        0.6186493018259935,
        0.6186895810955961,
        0.6187432867883995,
        0.6188506981740064,
        0.6188775510204082,
        0.618890977443609
    ],
    "validation_losses": [
        2.4626296758651733,
        1.794099748134613,
        1.540555089712143,
        1.4582655727863312,
        1.428436130285263,
        1.413040041923523,
        1.4040148854255676,
        1.3974120318889618,
        1.3924277424812317,
        1.3879563510417938,
        1.3841560781002045,
        1.3809027075767517,
        1.3782333433628082,
        1.3760909736156464,
        1.374388337135315,
        1.3732243180274963,
        1.3724706172943115,
        1.3720052242279053,
        1.3717985451221466,
        1.3717485666275024
    ],
    "validation_accuracies": [
        55.84763948497854,
        59.871244635193136,
        61.947424892703864,
        62.09227467811159,
        62.12982832618026,
        62.151287553648075,
        62.17811158798283,
        62.247854077253216,
        62.29613733905579,
        62.36587982832618,
        62.381974248927044,
        62.392703862660944,
        62.42489270386265,
        62.38733905579399,
        62.371244635193136,
        62.37660944206008,
        62.41416309012876,
        62.41416309012876,
        62.41416309012876,
        62.41416309012876
    ],
    "test_losses": [
        2.6748326577638326,
        1.9172926952964382,
        1.6448371786820262,
        1.569541937426517,
        1.548047385717693,
        1.532120001943488,
        1.5224244218123586,
        1.5187566468590183,
        1.5158815132944208,
        1.5150181368777627,
        1.5127237094076056,
        1.5124297894929584,
        1.5124248768153943,
        1.5115450432426052,
        1.5117981810318797,
        1.5113074089351453,
        1.5111424860201383,
        1.5113048365241604,
        1.511312014178226,
        1.5113173911446018
    ],
    "test_accuracies": [
        52.50429553264605,
        59.38251718213059,
        61.570017182130584,
        61.788015463917525,
        61.795532646048116,
        61.84600515463917,
        61.895403780068726,
        61.95231958762887,
        62.0006443298969,
        62.046821305841924,
        62.05219072164948,
        62.08440721649484,
        61.91688144329896,
        59.516752577319586,
        59.20747422680412,
        59.18921821305842,
        59.203178694158076,
        59.2053264604811,
        59.206400343642606,
        59.206400343642606
    ]
}