{
    "train_losses": [
        2.9861695448557537
    ],
    "train_accuracies": [
        0.5125134264232009
    ],
    "validation_losses": [
        1.9809391796588898
    ],
    "validation_accuracies": [
        57.88090128755364
    ],
    "test_losses": [
        2.211508550141987
    ],
    "test_accuracies": [
        54.0088058419244
    ]
}