{
    "train_losses": [
        2.9110995292663575,
        1.874283242225647,
        1.620336612065633,
        1.5042534748713174,
        1.4625987688700357,
        1.4360672950744628,
        1.4268728017807006,
        1.4231527964274089,
        1.4206029891967773,
        1.412344717979431,
        1.4026157061258953,
        1.400766118367513,
        1.404297955830892,
        1.396454914410909,
        1.395099393526713,
        1.3919961055119832,
        1.3952302058537802,
        1.3943316380182902,
        1.3917041858037313,
        1.393481969833374
    ],
    "train_accuracies": [
        0.5210392051557465,
        0.615265843179377,
        0.6201799140708916,
        0.6187298603651987,
        0.6206229860365199,
        0.6218984962406015,
        0.6219119226638024,
        0.6218716433941998,
        0.6206498388829216,
        0.6206229860365199,
        0.6206364124597207,
        0.6210929108485499,
        0.6210929108485499,
        0.6216031149301826,
        0.6216702470461869,
        0.622516111707841,
        0.6227175080558539,
        0.6223684210526316,
        0.6224758324382385,
        0.6225295381310418
    ],
    "validation_losses": [
        2.825987297296524,
        2.5250648736953734,
        2.3566825866699217,
        2.286571192741394,
        2.2608162641525267,
        2.247629392147064,
        2.2393510818481444,
        2.2330682456493376,
        2.227749395370483,
        2.223538655042648,
        2.21976860165596,
        2.2165394902229307,
        2.2138298630714415,
        2.211696672439575,
        2.210016804933548,
        2.2087774157524107,
        2.2080291390419005,
        2.2076130986213682,
        2.207413214445114,
        2.2073595106601713
    ],
    "validation_accuracies": [
        50.83583690987124,
        53.3519313304721,
        51.30257510729614,
        53.523605150214586,
        53.59871244635193,
        53.62017167381975,
        53.62017167381975,
        53.437768240343345,
        53.41094420600859,
        53.40021459227468,
        53.42167381974248,
        53.42167381974248,
        53.44849785407725,
        53.566523605150216,
        53.566523605150216,
        53.593347639484975,
        53.59871244635193,
        53.593347639484975,
        53.593347639484975,
        53.59871244635193
    ],
    "test_losses": [
        2.949188763216922,
        2.576995150666488,
        2.4357667822586864,
        2.3543752908706663,
        2.3405889059367935,
        2.328926924655312,
        2.3229019428554336,
        2.321101982969987,
        2.3181796425267267,
        2.317999096920616,
        2.3174722671508787,
        2.316031271532962,
        2.3167016355614916,
        2.316646730272393,
        2.316195491740578,
        2.3164889536405866,
        2.316409478689495,
        2.316605452487343,
        2.3166764071113186,
        2.3166529040587576
    ],
    "test_accuracies": [
        50.83268900343642,
        53.79123711340206,
        49.35502577319588,
        53.988831615120276,
        54.09407216494846,
        54.12091924398625,
        54.12306701030927,
        51.474871134020624,
        51.314862542955325,
        51.28049828178694,
        51.29445876288659,
        51.1602233676976,
        51.18492268041236,
        51.2686855670103,
        51.27620274914089,
        51.32560137457045,
        51.31056701030928,
        51.30197594501718,
        51.297680412371136,
        51.29875429553264
    ]
}