{
    "train_losses": [
        2.9861695448557537,
        1.904744299252828,
        1.6262346982955933,
        1.509518567721049,
        1.4710161050160726,
        1.452438505490621,
        1.4396822452545166,
        1.4350164492925008,
        1.4284789641698201,
        1.4172939936319986,
        1.4061915477116902,
        1.4113776524861654,
        1.4038139263788858,
        1.39714625676473,
        1.408858553568522,
        1.3993102471033732,
        1.4021525621414184,
        1.402172613143921,
        1.4034350713094075,
        1.395840056737264
    ],
    "train_accuracies": [
        0.5125134264232009,
        0.5979457572502686,
        0.6147287862513426,
        0.6148630504833512,
        0.6147690655209452,
        0.61593716433942,
        0.618703007518797,
        0.6198979591836735,
        0.6202604726100966,
        0.6236170784103114,
        0.6233216970998926,
        0.6249328678839957,
        0.6254027926960258,
        0.6254967776584318,
        0.6270676691729323,
        0.6275510204081632,
        0.6275912996777658,
        0.6276315789473684,
        0.6276987110633727,
        0.6277792696025779
    ],
    "validation_losses": [
        1.9809391796588898,
        1.6434752941131592,
        1.4746165573596954,
        1.4176994860172272,
        1.3914487957954407,
        1.377056360244751,
        1.3677290081977844,
        1.3604250252246857,
        1.3543742001056671,
        1.3494296073913574,
        1.3453757762908936,
        1.3419876098632812,
        1.3394330143928528,
        1.3374980092048645,
        1.335953176021576,
        1.3348099291324615,
        1.3340765833854675,
        1.3336530029773712,
        1.3334734439849854,
        1.333424836397171
    ],
    "validation_accuracies": [
        57.88090128755364,
        62.90236051502146,
        62.88090128755365,
        62.90772532188841,
        63.10622317596567,
        63.267167381974254,
        63.39592274678112,
        63.53540772532189,
        63.6695278969957,
        63.88412017167382,
        63.9538626609442,
        64.04506437768241,
        64.10407725321889,
        64.09334763948497,
        64.25429184549355,
        64.18991416309014,
        64.23283261802575,
        64.23283261802575,
        64.2381974248927,
        64.22210300429184
    ],
    "test_losses": [
        2.211508550141987,
        1.8066860688360113,
        1.6417537049243325,
        1.5796770547565662,
        1.568543465513932,
        1.5584319390748675,
        1.5512281781748722,
        1.5493439875150983,
        1.5477210659729808,
        1.5472208951648914,
        1.5461726690593518,
        1.5459160365556415,
        1.5445194056159572,
        1.542957393746627,
        1.5431851399572272,
        1.5426711785165887,
        1.542252176686337,
        1.542189503970899,
        1.5421297111009296,
        1.5421335885399265
    ],
    "test_accuracies": [
        54.0088058419244,
        61.786941580756015,
        59.00343642611684,
        58.841280068728516,
        59.00558419243986,
        59.196735395189,
        59.420103092783506,
        59.51245704467354,
        59.730455326460486,
        59.90979381443299,
        59.95811855670104,
        60.08161512027491,
        60.14604810996563,
        60.12242268041237,
        60.335051546391746,
        60.268470790378004,
        60.3307560137457,
        60.335051546391746,
        60.35330756013746,
        60.35330756013746
    ]
}