{
    "train_losses": [
        3.1694117546081544
    ],
    "train_accuracies": [
        0.5143394199785177
    ],
    "validation_losses": [
        2.056607723236084
    ],
    "validation_accuracies": [
        55.901287553648075
    ],
    "test_losses": [
        2.2204055409682426
    ],
    "test_accuracies": [
        55.178264604811
    ]
}