{
    "train_losses": [
        3.1694117546081544,
        1.9140276034673056,
        1.6385275284449259,
        1.4948534727096559,
        1.4464119672775269,
        1.4194570541381837,
        1.4118412892023722,
        1.399229876200358,
        1.3929180065790812,
        1.3873892466227213,
        1.3769109090169271,
        1.3761375983556112,
        1.369507654507955,
        1.3700022935867309,
        1.357404351234436,
        1.360411278406779,
        1.3544293244679768,
        1.3584883530934653,
        1.3597583373387654,
        1.35463338692983
    ],
    "train_accuracies": [
        0.5143394199785177,
        0.5898227712137487,
        0.6172261009667025,
        0.6204484425349087,
        0.6182330827067669,
        0.6248925886143931,
        0.6259264232008593,
        0.6280880773361976,
        0.6294575725026853,
        0.6299946294307197,
        0.6302900107411386,
        0.6314581095596133,
        0.6330424274973148,
        0.634734156820623,
        0.6348818474758324,
        0.6355128893662728,
        0.6356471535982814,
        0.6355665950590763,
        0.6356337271750806,
        0.6357411385606875
    ],
    "validation_losses": [
        2.056607723236084,
        1.7142815291881561,
        1.4984240531921387,
        1.4256398677825928,
        1.3948452174663544,
        1.3771162629127502,
        1.364566057920456,
        1.3553637266159058,
        1.3476828038692474,
        1.3412108421325684,
        1.336177796125412,
        1.3317241966724396,
        1.3283043801784515,
        1.3255179524421692,
        1.3234511613845825,
        1.321951150894165,
        1.3209624290466309,
        1.3204196691513062,
        1.3201814889907837,
        1.3201202750205994
    ],
    "validation_accuracies": [
        55.901287553648075,
        62.09763948497854,
        62.06008583690987,
        62.34442060085838,
        63.116952789699575,
        62.977467811158796,
        63.37446351931331,
        63.59442060085837,
        63.556866952789704,
        63.66416309012875,
        63.723175965665234,
        63.94849785407726,
        64.10407725321889,
        64.24356223175965,
        64.29184549356222,
        64.35622317596567,
        64.34549356223175,
        64.35085836909872,
        64.36158798283262,
        64.36695278969957
    ],
    "test_losses": [
        2.2204055409682426,
        1.8588914933957552,
        1.6206778727079694,
        1.564212955926594,
        1.549607973349722,
        1.5353715357027555,
        1.533605042256807,
        1.5342444934343036,
        1.5297209212654514,
        1.5308691325940584,
        1.5294928927170603,
        1.5277569419459294,
        1.5266863923323781,
        1.525859230443051,
        1.5245546228007267,
        1.5244835677899813,
        1.5237830187145032,
        1.5234555821669729,
        1.5234749568136114,
        1.52342773111243
    ],
    "test_accuracies": [
        55.178264604811,
        61.83311855670103,
        58.88745704467354,
        59.24076460481099,
        60.018256013745706,
        59.8206615120275,
        60.25665807560138,
        60.32431271477663,
        60.26202749140893,
        60.39733676975945,
        60.46821305841924,
        60.737757731958766,
        60.862328178694156,
        60.94716494845361,
        60.971864261168385,
        61.025558419243985,
        61.01052405498282,
        61.01589347079038,
        61.0266323024055,
        61.0266323024055
    ]
}