{
    "train_losses": [
        4.529090436299642
    ],
    "train_accuracies": [
        0.00890171858216971
    ],
    "validation_losses": [
        4.52484405040741
    ],
    "validation_accuracies": [
        0.8583690987124464
    ],
    "test_losses": [
        4.523519942634984
    ],
    "test_accuracies": [
        0.666881443298969
    ]
}