{
    "train_losses": [
        4.538429927825928,
        4.523135121663412,
        4.50403060913086,
        4.484586747487386,
        4.465506649017334,
        4.447671508789062,
        4.430467891693115,
        4.414581457773845,
        4.400305143992106,
        4.387295786539713,
        4.3759535153706866,
        4.365919303894043,
        4.357856019337972,
        4.351263205210368,
        4.34604663848877,
        4.342614078521729,
        4.339341004689534,
        4.338001378377279,
        4.337570476531982,
        4.335695521036784
    ],
    "train_accuracies": [
        0.0026852846401718583,
        0.002712137486573577,
        0.002712137486573577,
        0.002712137486573577,
        0.0027389903329752955,
        0.19147422126745434,
        0.5327873254564984,
        0.5400241675617615,
        0.5414742212674544,
        0.5415816326530613,
        0.5419038668098819,
        0.5423872180451128,
        0.5430182599355532,
        0.5436895810955962,
        0.543890977443609,
        0.5440520945220193,
        0.5441460794844254,
        0.5441863587540279,
        0.5442400644468314,
        0.5442534908700323
    ],
    "validation_losses": [
        4.533006906509399,
        4.513846158981323,
        4.493417024612427,
        4.473325490951538,
        4.454024791717529,
        4.435652256011963,
        4.4185850620269775,
        4.402833104133606,
        4.3885804414749146,
        4.3758978843688965,
        4.364920258522034,
        4.355618357658386,
        4.347951650619507,
        4.341848969459534,
        4.337244391441345,
        4.333957076072693,
        4.3318246603012085,
        4.330602169036865,
        4.330053091049194,
        4.3299161195755005
    ],
    "validation_accuracies": [
        0.23605150214592274,
        0.23605150214592274,
        0.23605150214592274,
        0.23605150214592274,
        0.24141630901287556,
        54.35085836909871,
        55.60085836909872,
        55.917381974248926,
        55.944206008583684,
        55.97103004291846,
        56.03004291845494,
        56.07296137339056,
        56.11587982832618,
        56.13733905579399,
        56.15343347639485,
        56.16416309012876,
        56.19098712446352,
        56.201716738197426,
        56.207081545064376,
        56.207081545064376
    ],
    "test_losses": [
        4.531679655376234,
        4.5143023541099145,
        4.495773064462762,
        4.4775518367165015,
        4.460046968962017,
        4.443384622272692,
        4.42790571011995,
        4.413622153432746,
        4.400696980325799,
        4.389196295487253,
        4.379242319809763,
        4.370808350412469,
        4.363857068513569,
        4.358324126193398,
        4.3541488898427865,
        4.351167879606548,
        4.349234806863885,
        4.348126536921451,
        4.347628869508442,
        4.347505042427464
    ],
    "test_accuracies": [
        0.2598797250859106,
        0.2588058419243986,
        0.2588058419243986,
        0.2598797250859106,
        0.2663230240549828,
        49.83569587628866,
        51.1254295532646,
        51.50451030927835,
        51.53028350515464,
        51.55176116838488,
        51.59042096219931,
        51.624785223367695,
        51.6698883161512,
        51.69673539518901,
        51.719286941580755,
        51.73754295532647,
        51.73969072164949,
        51.74828178694158,
        51.75042955326461,
        51.75042955326461
    ]
}