{
    "train_losses": [
        4.538429927825928
    ],
    "train_accuracies": [
        0.0026852846401718583
    ],
    "validation_losses": [
        4.533006906509399
    ],
    "validation_accuracies": [
        0.23605150214592274
    ],
    "test_losses": [
        4.531679655376234
    ],
    "test_accuracies": [
        0.2598797250859106
    ]
}