{
    "train_losses": [
        4.500727748870849,
        4.489011796315511,
        4.4743301709493,
        4.459372742970785,
        4.445205084482828,
        4.43116881052653,
        4.418378512064616,
        4.406499926249186,
        4.3956711769104,
        4.386013221740723,
        4.377017561594645,
        4.370083077748617,
        4.363391145070394,
        4.3588072458903,
        4.354958470662435,
        4.352101389567057,
        4.350049877166748,
        4.348939482371012,
        4.34804843266805,
        4.347975444793701
    ],
    "train_accuracies": [
        0.004457572502685285,
        0.004457572502685285,
        0.0044844253490870034,
        0.004511278195488722,
        0.005182599355531686,
        0.022824919441460794,
        0.5498657357679914,
        0.5518796992481203,
        0.5531954887218045,
        0.554578410311493,
        0.5551020408163265,
        0.5553034371643394,
        0.555437701396348,
        0.5555853920515574,
        0.555719656283566,
        0.5557733619763695,
        0.5558270676691729,
        0.5558270676691729,
        0.5558404940923738,
        0.5558002148227712
    ],
    "validation_losses": [
        5.295269775390625,
        5.281286525726318,
        5.266437578201294,
        5.251827883720398,
        5.237684893608093,
        5.224459218978882,
        5.212039518356323,
        5.200703430175781,
        5.190467524528503,
        5.181418943405151,
        5.173590588569641,
        5.166945385932922,
        5.161504554748535,
        5.157195138931274,
        5.153923082351684,
        5.151606607437134,
        5.150091695785522,
        5.149225282669067,
        5.1488374948501585,
        5.148742723464966
    ],
    "validation_accuracies": [
        -7.484978540772532,
        -7.484978540772532,
        -7.4903433476394845,
        -7.50107296137339,
        -7.21137339055794,
        45.99141630901288,
        46.40987124463519,
        46.49034334763948,
        46.64055793991416,
        46.7156652360515,
        46.75858369098713,
        46.77467811158798,
        46.763948497854074,
        46.77467811158798,
        46.79077253218884,
        46.806866952789704,
        46.81223175965665,
        46.806866952789704,
        46.7961373390558,
        46.7961373390558
    ],
    "test_losses": [
        5.294557455966347,
        5.281344624569542,
        5.267311959517629,
        5.253506093276174,
        5.240142054306833,
        5.227643775939941,
        5.215909215023643,
        5.205197294134843,
        5.195525104121158,
        5.186975388777883,
        5.17957911742361,
        5.173299774370696,
        5.168158691807797,
        5.164087355764289,
        5.1609957444040395,
        5.15880678578427,
        5.1573750947651105,
        5.156556817104942,
        5.156190003846821,
        5.156101487812243
    ],
    "test_accuracies": [
        -7.568298969072165,
        -7.566151202749141,
        -7.561855670103093,
        -7.550042955326461,
        -7.179553264604811,
        43.54102233676976,
        44.05219072164948,
        44.21756872852234,
        44.33784364261168,
        44.41623711340206,
        44.45167525773196,
        44.46241408934708,
        44.47100515463917,
        44.47530068728522,
        44.47315292096219,
        44.47637457044674,
        44.47959621993127,
        44.480670103092784,
        44.481743986254294,
        44.481743986254294
    ]
}