{
    "train_losses": [
        4.529090436299642,
        4.5191270510355634,
        4.506663449605306,
        4.493909072875977,
        4.481568876902262,
        4.469841766357422,
        4.458799552917481,
        4.448519039154053,
        4.439367453257243,
        4.430985577901205,
        4.423720836639404,
        4.417463652292887,
        4.411995983123779,
        4.40811726252238,
        4.404766019185384,
        4.40237283706665,
        4.4009470303853355,
        4.399845472971598,
        4.399295425415039,
        4.398795541127523
    ],
    "train_accuracies": [
        0.00890171858216971,
        0.009049409237379163,
        0.009156820622986037,
        0.009291084854994629,
        0.009344790547798066,
        0.009438775510204082,
        0.009519334049409238,
        0.009559613319011815,
        0.010298066595059076,
        0.48225026852846403,
        0.5437567132116005,
        0.5503893662728249,
        0.5526315789473685,
        0.5536922663802363,
        0.5544575725026852,
        0.554484425349087,
        0.5541487647690655,
        0.5536117078410312,
        0.5535042964554243,
        0.5534640171858217
    ],
    "validation_losses": [
        4.52484405040741,
        4.512660026550293,
        4.4996795654296875,
        4.486902594566345,
        4.474633097648621,
        4.463034152984619,
        4.452276349067688,
        4.442395091056824,
        4.433452010154724,
        4.4255582094192505,
        4.418703556060791,
        4.412938237190247,
        4.408214569091797,
        4.404469728469849,
        4.401621580123901,
        4.399598598480225,
        4.398283004760742,
        4.397535085678101,
        4.39719820022583,
        4.3971123695373535
    ],
    "validation_accuracies": [
        0.8583690987124464,
        0.8637339055793992,
        0.8959227467811158,
        0.8851931330472104,
        0.9012875536480687,
        0.9173819742489271,
        0.9066523605150214,
        0.9495708154506437,
        1.6952789699570814,
        54.383047210300425,
        55.28969957081545,
        55.62231759656653,
        55.73497854077253,
        55.82618025751073,
        55.88519313304721,
        55.836909871244636,
        55.80472103004291,
        55.772532188841204,
        55.76716738197425,
        55.76716738197425
    ],
    "test_losses": [
        4.523519942634984,
        4.512231701298764,
        4.500205692492034,
        4.488368084556178,
        4.4770017172160905,
        4.466256317339446,
        4.4562887392546005,
        4.44713494652196,
        4.438851005152652,
        4.431537778753984,
        4.425189821343673,
        4.419847337823165,
        4.41547303450735,
        4.412002889733565,
        4.409366281409013,
        4.407491934926886,
        4.406272737603438,
        4.405580169276187,
        4.405268041711104,
        4.405188033455296
    ],
    "test_accuracies": [
        0.666881443298969,
        0.6786941580756014,
        0.6862113402061856,
        0.6851374570446735,
        0.6851374570446735,
        0.7033934707903781,
        0.7152061855670103,
        0.7409793814432989,
        1.3885309278350515,
        50.71735395189003,
        51.7053264604811,
        52.06937285223368,
        52.208977663230236,
        52.32173539518901,
        52.356099656357394,
        52.36039518900344,
        52.36254295532646,
        52.3571735395189,
        52.35502577319588,
        52.35395189003437
    ]
}