{
    "train_losses": [
        4.261222839355469,
        2.8265244801839193,
        2.0794846137364704,
        2.044329810142517,
        2.003497346242269,
        1.9782506942749023,
        1.9494993448257447,
        1.9246017853418986,
        1.9040802478790284,
        1.8755053599675497,
        1.856610608100891,
        1.8401516755421956,
        1.817814620335897,
        1.8023670434951782,
        1.7945453882217408,
        1.7841357787450154,
        1.7769906838734946,
        1.7755084832509358,
        1.7748392820358276,
        1.7649073600769043
    ],
    "train_accuracies": [
        0.35961331901181526,
        0.5513829215896885,
        0.5534237379162191,
        0.5591031149301826,
        0.5683807733619763,
        0.575765306122449,
        0.5813104189044038,
        0.5852846401718582,
        0.5890306122448979,
        0.5929242749731471,
        0.5968984962406015,
        0.59953007518797,
        0.6016917293233083,
        0.6032357679914071,
        0.6049946294307197,
        0.6063104189044038,
        0.6069548872180451,
        0.6073711063372718,
        0.607532223415682,
        0.6075859291084855
    ],
    "validation_losses": [
        3.6618192195892334,
        1.998984009027481,
        1.9603935480117798,
        1.9196243286132812,
        1.8883794248104095,
        1.8635345995426178,
        1.840101718902588,
        1.8173086941242218,
        1.7952435612678528,
        1.7741588354110718,
        1.7548435032367706,
        1.7376640737056732,
        1.723164588212967,
        1.711477905511856,
        1.7025281190872192,
        1.69618159532547,
        1.6920458376407623,
        1.689676195383072,
        1.6886193752288818,
        1.688353270292282
    ],
    "validation_accuracies": [
        56.94742489270386,
        57.03326180257511,
        57.36051502145922,
        58.283261802575105,
        59.061158798283266,
        59.61909871244635,
        60.02145922746781,
        60.44527896995709,
        60.7725321888412,
        61.067596566523605,
        61.30901287553648,
        61.523605150214586,
        61.652360515021456,
        61.791845493562235,
        61.942060085836914,
        62.027896995708154,
        62.06008583690987,
        62.108369098712444,
        62.108369098712444,
        62.108369098712444
    ],
    "test_losses": [
        3.7403635225797953,
        2.2365873738339075,
        2.2067022574575326,
        2.1502564204366585,
        2.107727414683292,
        2.074940618715788,
        2.044416584466633,
        2.014872801931281,
        1.9862286793558221,
        1.9587203515203375,
        1.9334713973497089,
        1.9109459989949276,
        1.8918856005919606,
        1.876517138983074,
        1.8647549905275043,
        1.8564447791952836,
        1.8510192883642096,
        1.8479103163668984,
        1.8465292830216258,
        1.846181819313451
    ],
    "test_accuracies": [
        52.50429553264605,
        52.57302405498282,
        52.89733676975945,
        53.66838487972508,
        54.72079037800688,
        55.320017182130584,
        55.725945017182134,
        56.21241408934707,
        56.53994845360825,
        58.33762886597938,
        59.641323024054984,
        60.06443298969072,
        60.28887457044674,
        60.591709621993125,
        60.71842783505155,
        60.7946735395189,
        60.84514604810997,
        60.88165807560137,
        60.90098797250859,
        60.90528350515464
    ]
}