{
    "train_losses": [
        4.261222839355469
    ],
    "train_accuracies": [
        0.35961331901181526
    ],
    "validation_losses": [
        3.6618192195892334
    ],
    "validation_accuracies": [
        56.94742489270386
    ],
    "test_losses": [
        3.7403635225797953
    ],
    "test_accuracies": [
        52.50429553264605
    ]
}