{
    "train_losses": [
        4.317172622680664,
        3.23754612604777,
        2.1588594834009807,
        2.065964690844218,
        1.9857145547866821,
        1.9526553312937418,
        1.9212392648061116,
        1.904363481203715,
        1.878601352373759,
        1.8559614737828574,
        1.8286666790644328,
        1.8127198934555053,
        1.7984540383021037,
        1.7762295802434285,
        1.7696696360905966,
        1.75737521648407,
        1.7557149251302084,
        1.7561404784520467,
        1.7528961579004922,
        1.7540847698847453
    ],
    "train_accuracies": [
        0.3650912996777658,
        0.5564312567132116,
        0.5564581095596133,
        0.5566863587540279,
        0.5594119226638024,
        0.5617078410311493,
        0.5626879699248121,
        0.5637083780880774,
        0.5645542427497314,
        0.5662459720730397,
        0.5688909774436091,
        0.5727443609022557,
        0.5762755102040816,
        0.5804242749731472,
        0.5832572502685285,
        0.5857679914070891,
        0.5872717508055854,
        0.5883727175080559,
        0.5888426423200859,
        0.5889634801288937
    ],
    "validation_losses": [
        4.707116413116455,
        3.1527453541755674,
        2.9436558365821837,
        2.8227459371089934,
        2.7833367466926573,
        2.7546977281570433,
        2.7276558756828306,
        2.7022746086120604,
        2.6781576752662657,
        2.6556896448135374,
        2.6350760638713835,
        2.617152827978134,
        2.6018937110900877,
        2.5895724475383757,
        2.580233800411224,
        2.5735022604465483,
        2.5691162824630736,
        2.5666240036487578,
        2.5654969692230223,
        2.5652159333229063
    ],
    "validation_accuracies": [
        46.86587982832618,
        46.86587982832618,
        46.86587982832618,
        47.01609442060086,
        47.262875536480685,
        47.59012875536481,
        47.713519313304715,
        47.76716738197425,
        47.858369098712444,
        48.08369098712447,
        48.44849785407725,
        48.78111587982833,
        49.21566523605151,
        49.65021459227467,
        49.9774678111588,
        50.074034334763944,
        50.213519313304715,
        50.22961373390558,
        50.2725321888412,
        50.2725321888412
    ],
    "test_losses": [
        4.740123633334512,
        3.277082854823062,
        3.089584925300197,
        2.9496028021762246,
        2.9074735051707217,
        2.87504541622965,
        2.8430315858439394,
        2.812261014235647,
        2.7827994359167,
        2.755039425900108,
        2.7295511873144855,
        2.707333524603593,
        2.688456012073316,
        2.673180257646661,
        2.6616556117409154,
        2.6533948157963003,
        2.648001574215136,
        2.644955839608845,
        2.643585001794915,
        2.643242425667612
    ],
    "test_accuracies": [
        44.50429553264605,
        44.50536941580756,
        44.51288659793815,
        44.669673539518904,
        44.93277491408934,
        47.59600515463917,
        47.93857388316151,
        48.070661512027485,
        48.334836769759455,
        48.594716494845365,
        48.98668384879725,
        49.482817869415804,
        50.010094501718214,
        50.392396907216494,
        50.65764604810997,
        50.88745704467354,
        51.00343642611684,
        51.06035223367697,
        51.09364261168385,
        51.099012027491405
    ]
}