{
    "train_losses": [
        4.136129315694173,
        2.641175905863444,
        2.056479899088542,
        2.0337375084559124,
        1.997012488047282,
        1.9726224581400553,
        1.9407875855763754,
        1.9200743039449055,
        1.8958184242248535,
        1.882303770383199,
        1.8617141485214233,
        1.8378695090611776,
        1.8284392674763998,
        1.8208529551823933,
        1.8006863117218017,
        1.8018409808476765,
        1.7918532450993856,
        1.7923454761505127,
        1.7899278322855632,
        1.7818355878194174
    ],
    "train_accuracies": [
        0.5531417830290011,
        0.5539607948442535,
        0.5540145005370569,
        0.5546321160042964,
        0.5571697099892589,
        0.5612244897959183,
        0.5654806659505908,
        0.5712808807733619,
        0.5761009667024705,
        0.5813775510204081,
        0.5863856068743287,
        0.590655209452202,
        0.59484425349087,
        0.5980397422126745,
        0.6008458646616541,
        0.6026584317937701,
        0.6037996777658432,
        0.6046455424274974,
        0.6050483351235231,
        0.6051154672395274
    ],
    "validation_losses": [
        3.4903860688209534,
        2.031192272901535,
        2.0056933164596558,
        1.9643374383449554,
        1.9334237277507782,
        1.9092633128166199,
        1.8868201076984406,
        1.8655648529529572,
        1.8453305959701538,
        1.8265069127082825,
        1.8093916177749634,
        1.7940974235534668,
        1.7813627421855927,
        1.7709353268146515,
        1.7628745138645172,
        1.7571527063846588,
        1.7533315420150757,
        1.7511559426784515,
        1.7501722574234009,
        1.749925047159195
    ],
    "validation_accuracies": [
        55.84763948497854,
        55.8530042918455,
        55.917381974248926,
        56.08905579399141,
        56.30364806866953,
        56.81330472103004,
        57.408798283261795,
        57.80042918454935,
        58.31008583690988,
        58.87339055793992,
        59.20064377682404,
        59.662017167381975,
        60.02145922746781,
        60.348712446351925,
        60.579399141630894,
        60.72961373390557,
        60.83154506437768,
        60.8744635193133,
        60.906652360515025,
        60.91201716738197
    ],
    "test_losses": [
        3.5635625688653243,
        2.2153093814849854,
        2.1913322022086694,
        2.141706058853551,
        2.104506172631916,
        2.0756031463020728,
        2.0488675958231877,
        2.0236486259259676,
        1.9994550943374634,
        1.9769470691680908,
        1.9564561969355534,
        1.9380927713293779,
        1.9227889086070813,
        1.9102299276151156,
        1.9005224265550311,
        1.8936280765031512,
        1.88902369298433,
        1.8864037049444098,
        1.885219222620914,
        1.884921538202386
    ],
    "test_accuracies": [
        52.50429553264605,
        52.49033505154639,
        52.5622852233677,
        52.73088487972508,
        53.053049828178686,
        53.46649484536082,
        54.025987972508595,
        57.11447594501718,
        57.71799828178694,
        58.214132302405496,
        58.64905498281787,
        59.07538659793814,
        59.45446735395189,
        59.8206615120275,
        60.047250859106526,
        60.2051116838488,
        60.29746563573883,
        60.35223367697594,
        60.370489690721655,
        60.38015463917525
    ]
}