{
    "train_losses": [
        4.502292982737223,
        4.4910967191060385,
        4.4769569079081215,
        4.462714544932047,
        4.448837916056315,
        4.435554059346517,
        4.423196760813395,
        4.411689313252767,
        4.401125939687093,
        4.3914202690124515,
        4.383526007334392,
        4.376157633463541,
        4.370078722635905,
        4.364984862009684,
        4.3614757537841795,
        4.359286562601725,
        4.35698299407959,
        4.356010373433431,
        4.355073356628418,
        4.355043506622314
    ],
    "train_accuracies": [
        0.002363050483351235,
        0.002403329752953813,
        0.002443609022556391,
        0.0024301825993555317,
        0.003947368421052632,
        0.45515574650913,
        0.5412862513426423,
        0.5442132116004297,
        0.5458780880773362,
        0.5473147153598281,
        0.5489795918367347,
        0.550093984962406,
        0.5508324382384533,
        0.5515708915145006,
        0.5517991407089151,
        0.5520139634801289,
        0.5522556390977443,
        0.5524033297529538,
        0.5523630504833512,
        0.5523764769065521
    ],
    "validation_losses": [
        4.49761426448822,
        4.483957648277283,
        4.469376564025879,
        4.454933524131775,
        4.441104769706726,
        4.428007364273071,
        4.415748357772827,
        4.404571771621704,
        4.3944902420043945,
        4.385543346405029,
        4.377726316452026,
        4.3711758852005005,
        4.365771174430847,
        4.361502408981323,
        4.358243227005005,
        4.355930924415588,
        4.354436755180359,
        4.353575348854065,
        4.353191137313843,
        4.353092670440674
    ],
    "validation_accuracies": [
        0.24678111587982834,
        0.24678111587982834,
        0.2521459227467811,
        0.2575107296137339,
        1.3197424892703864,
        54.329399141630894,
        54.80150214592274,
        54.967811158798284,
        55.1019313304721,
        55.16630901287554,
        55.35944206008584,
        55.423819742489265,
        55.45600858369099,
        55.49892703862661,
        55.53111587982833,
        55.574034334763944,
        55.59012875536481,
        55.59012875536481,
        55.60085836909872,
        55.60085836909872
    ],
    "test_losses": [
        4.497514097314132,
        4.484857634494179,
        4.4713435424001595,
        4.457960404847798,
        4.445144151386462,
        4.4330067132648665,
        4.421647372998689,
        4.411288211220189,
        4.401945214522512,
        4.393655802074232,
        4.386412771124589,
        4.380342282746968,
        4.375334513814826,
        4.371379425651149,
        4.368358687350624,
        4.366217236769827,
        4.3648326271458675,
        4.364033824519107,
        4.363678455352783,
        4.363587003005178
    ],
    "test_accuracies": [
        0.20725945017182132,
        0.20833333333333334,
        0.21262886597938144,
        0.21585051546391754,
        1.1973797250859108,
        50.945017182130584,
        51.379939862542955,
        51.581829896907216,
        51.731099656357394,
        51.90399484536082,
        52.027491408934715,
        52.126288659793815,
        52.192869415807564,
        52.231529209621996,
        52.25945017182131,
        52.26804123711341,
        52.27985395189003,
        52.27878006872852,
        52.28092783505155,
        52.28200171821305
    ]
}