{
    "train_losses": [
        4.502292982737223
    ],
    "train_accuracies": [
        0.002363050483351235
    ],
    "validation_losses": [
        4.49761426448822
    ],
    "validation_accuracies": [
        0.24678111587982834
    ],
    "test_losses": [
        4.497514097314132
    ],
    "test_accuracies": [
        0.20725945017182132
    ]
}