{
    "train_losses": [
        4.535786056518555,
        4.524684143066406,
        4.51081444422404,
        4.496574274698893,
        4.482902018229167,
        4.4697773615519205,
        4.457416534423828,
        4.445866998036703,
        4.435645357767741,
        4.426451555887858,
        4.418519242604574,
        4.41120719909668,
        4.405276489257813,
        4.400452677408854,
        4.397183163960775,
        4.394772052764893,
        4.392496395111084,
        4.391292603810628,
        4.3911124547322595,
        4.390456835428874
    ],
    "train_accuracies": [
        0.0019065520945220193,
        0.001933404940923738,
        0.0020005370569280345,
        0.0020542427497314717,
        0.002121374865735768,
        0.002255639097744361,
        0.002859828141783029,
        0.004470998925886144,
        0.012392588614393126,
        0.3448845327604726,
        0.5497851772287863,
        0.5510875402792696,
        0.5518394199785177,
        0.5524436090225564,
        0.5528866809881847,
        0.5531954887218045,
        0.5536117078410312,
        0.5537325456498389,
        0.5537593984962406,
        0.5537728249194415
    ],
    "validation_losses": [
        5.3304499864578245,
        5.317194867134094,
        5.303014802932739,
        5.289144206047058,
        5.275728869438171,
        5.263115096092224,
        5.251350450515747,
        5.2405908584594725,
        5.230864453315735,
        5.2222675561904905,
        5.214781332015991,
        5.208530592918396,
        5.203360843658447,
        5.199261713027954,
        5.196165251731872,
        5.193965125083923,
        5.192537832260132,
        5.191715168952942,
        5.191346573829651,
        5.191252875328064
    ],
    "validation_accuracies": [
        -7.8068669527897,
        -7.8068669527897,
        -7.8068669527897,
        -7.796137339055794,
        -7.790772532188841,
        -7.763948497854077,
        -7.721030042918455,
        -7.431330472103005,
        -5.26931330472103,
        46.098712446351925,
        46.25965665236051,
        46.34549356223176,
        46.452789699570815,
        46.49570815450644,
        46.52789699570816,
        46.597639484978544,
        46.6244635193133,
        46.62982832618025,
        46.62982832618025,
        46.63519313304721
    ],
    "test_losses": [
        5.331317008169074,
        5.318809042478862,
        5.305429142399838,
        5.292340865888093,
        5.279683123136821,
        5.26778056496068,
        5.25668007198133,
        5.24652805830303,
        5.237350499002557,
        5.229240276938991,
        5.222177766498766,
        5.216279165368331,
        5.211401798850612,
        5.2075349506578945,
        5.204613645453202,
        5.202537847820081,
        5.201191334975393,
        5.200415370338841,
        5.200067605470356,
        5.199978487115157
    ],
    "test_accuracies": [
        -7.885094501718213,
        -7.880798969072165,
        -7.879725085910653,
        -7.878651202749141,
        -7.877577319587629,
        -7.864690721649485,
        -7.833548109965636,
        -7.592998281786942,
        -5.51073883161512,
        43.59256872852234,
        43.77190721649485,
        43.908290378006875,
        44.004939862542955,
        44.0618556701031,
        44.09729381443299,
        44.13595360824742,
        44.155283505154635,
        44.16602233676976,
        44.168170103092784,
        44.1692439862543
    ]
}