{
    "train_losses": [
        4.53528995513916
    ],
    "train_accuracies": [
        0.0018259935553168636
    ],
    "validation_losses": [
        4.530963063240051
    ],
    "validation_accuracies": [
        0.20386266094420602
    ],
    "test_losses": [
        4.524606679615221
    ],
    "test_accuracies": [
        0.19329896907216496
    ]
}