{
    "train_losses": [
        4.53528995513916,
        4.522040589650472,
        4.5056839942932125,
        4.488877518971761,
        4.472716808319092,
        4.457379531860352,
        4.44285888671875,
        4.42938117980957,
        4.417705504099528,
        4.406134573618571,
        4.396513303120931,
        4.38846222559611,
        4.381942208607992,
        4.376288859049479,
        4.371925926208496,
        4.368793964385986,
        4.366468302408854,
        4.365160910288493,
        4.364266459147135,
        4.364174747467041
    ],
    "train_accuracies": [
        0.0018259935553168636,
        0.0019468313641245972,
        0.002161654135338346,
        0.0023361976369495165,
        0.0026181525241675617,
        0.0028329752953813103,
        0.0031552094522019334,
        0.004001074113856069,
        0.12933673469387755,
        0.5387620837808808,
        0.5423872180451128,
        0.5446160042964554,
        0.5451664876476906,
        0.5452873254564984,
        0.5453007518796993,
        0.5453678839957036,
        0.5454887218045112,
        0.5455558539205155,
        0.5455961331901181,
        0.5456632653061224
    ],
    "validation_losses": [
        4.530963063240051,
        4.5144747495651245,
        4.496938586235046,
        4.4798338413238525,
        4.463318347930908,
        4.447666764259338,
        4.4332115650177,
        4.419928789138794,
        4.407872796058655,
        4.3973270654678345,
        4.388126850128174,
        4.380343317985535,
        4.3739399909973145,
        4.368903160095215,
        4.365092039108276,
        4.3623799085617065,
        4.3606016635894775,
        4.359587550163269,
        4.359133839607239,
        4.3590192794799805
    ],
    "validation_accuracies": [
        0.20386266094420602,
        0.22532188841201717,
        0.24678111587982834,
        0.2896995708154506,
        0.29506437768240346,
        0.3218884120171674,
        0.3540772532188841,
        1.3304721030042919,
        55.407725321888414,
        55.81545064377682,
        56.08369098712447,
        56.16952789699571,
        56.201716738197426,
        56.217811158798284,
        56.23927038626609,
        56.27682403433476,
        56.287553648068666,
        56.282188841201716,
        56.27682403433476,
        56.27682403433476
    ],
    "test_losses": [
        4.524606679615221,
        4.509660846308658,
        4.493764852222643,
        4.4782585093849585,
        4.463288106416401,
        4.449100946125231,
        4.435997686888042,
        4.423955816971628,
        4.413028014333625,
        4.403467655181885,
        4.395128400702226,
        4.388073268689607,
        4.382269608347039,
        4.377703139656468,
        4.374250361793919,
        4.371790584764983,
        4.370179025750411,
        4.369260938544023,
        4.368848273628636,
        4.368745276802464
    ],
    "test_accuracies": [
        0.19329896907216496,
        0.20403780068728525,
        0.21799828178694158,
        0.2426975945017182,
        0.273840206185567,
        0.31035223367697595,
        0.3543814432989691,
        1.5420962199312716,
        51.881443298969074,
        54.043170103092784,
        54.30519759450172,
        54.49205326460481,
        54.52104810996563,
        54.52426975945017,
        54.545747422680414,
        54.55756013745704,
        54.5629295532646,
        54.56400343642611,
        54.56937285223368,
        54.57044673539519
    ]
}